Rk,Name,Age,Tm,Lg,G,PA,AB,R,H,2B,3B,HR,RBI,SB,CS,BB,SO,BA,OBP,SLG,OPS,OPS+,TB,GDP,HBP,SH,SF,IBB,Pos Summary
1,CJ Abrams*,22,WSN,NL,151,614,563,83,138,28,6,18,64,47,4,32,118,0.245,0.3,0.412,0.712,97,232,7,13,3,3,2,*6/H
2,José Abreu,36,HOU,AL,141,594,540,62,128,23,1,18,90,0,1,42,130,0.237,0.296,0.383,0.68,87,207,16,6,0,6,1,*3/D
3,Wilyer Abreu*,24,BOS,AL,28,85,76,10,24,6,0,2,14,3,1,9,23,0.316,0.388,0.474,0.862,132,36,0,0,0,0,0,87/H9D
4,Ronald Acuña Jr.,25,ATL,NL,159,735,643,149,217,35,4,41,106,73,14,80,84,0.337,0.416,0.596,1.012,169,383,15,9,0,3,3,*9/D
5,Willy Adames,27,MIL,NL,149,638,553,73,120,29,2,24,80,5,3,71,165,0.217,0.31,0.407,0.717,93,225,12,6,0,6,1,*6/D
6,Jordyn Adams,23,LAA,AL,17,40,39,1,5,0,0,0,1,1,2,0,16,0.128,0.125,0.128,0.253,-31,5,0,0,0,1,0,/98H7
7,Riley Adams,27,WSN,NL,44,158,143,8,39,13,2,4,21,0,0,11,45,0.273,0.331,0.476,0.807,122,68,5,2,1,1,0,2/HD
8,Ty Adcock,26,SEA,AL,1,0,0,0,0,0,0,0,0,0,0,0,0,,,,,,0,0,0,0,0,0,1
9,Jo Adell,24,LAA,AL,17,62,58,7,12,3,1,3,6,1,0,4,25,0.207,0.258,0.448,0.706,87,26,1,0,0,0,0,/987DH
10,Ehire Adrianza#,33,ATL,NL,5,11,10,0,0,0,0,0,0,0,0,1,4,0,0.091,0,0.091,-72,0,0,0,0,0,0,/H6
11,Jesús Aguilar,33,OAK,AL,36,115,104,8,23,2,0,5,9,0,0,8,31,0.221,0.281,0.385,0.665,86,40,3,1,0,1,2,3/DH
12,Nick Ahmed,33,ARI,NL,72,210,198,14,42,10,1,2,17,5,1,12,52,0.212,0.257,0.303,0.56,54,60,0,0,0,0,0,6H/D
13,Hanser Alberto,30,CHW,AL,30,90,82,11,18,5,0,3,16,0,0,4,13,0.22,0.261,0.39,0.652,76,32,1,1,2,1,0,54/31H
14,Ozzie Albies#,26,ATL,NL,148,660,596,96,167,30,5,33,109,13,1,46,107,0.28,0.336,0.513,0.849,125,306,9,8,0,8,2,*4
15,Scott Alexander*,33,SFG,NL,1,0,0,0,0,0,0,0,0,0,0,0,0,,,,,,0,0,0,0,0,0,1
16,Jorge Alfaro,30,TOT,MLB,18,52,48,2,7,4,0,1,4,0,0,2,15,0.146,0.212,0.292,0.503,32,14,3,2,0,0,0,/D2H
17,Jorge Alfaro,30,COL,NL,10,32,31,2,5,4,0,1,4,0,0,0,12,0.161,0.188,0.387,0.575,45,12,2,1,0,0,0,/DH2
18,Jorge Alfaro,30,BOS,AL,8,20,17,0,2,0,0,0,0,0,0,2,3,0.118,0.25,0.118,0.368,5,2,1,1,0,0,0,/2DH
19,Greg Allen#,30,NYY,AL,22,28,23,6,5,1,1,1,1,3,1,2,10,0.217,0.333,0.478,0.812,119,11,0,2,1,0,0,7H/98D
20,Nick Allen,24,OAK,AL,106,329,303,29,67,4,2,4,20,5,1,17,52,0.221,0.263,0.287,0.55,56,87,8,1,6,2,0,6/H4D
21,Abraham Almonte#,34,NYM,NL,8,16,15,1,1,1,0,0,0,0,0,1,8,0.067,0.125,0.133,0.258,-28,2,0,0,0,0,0,/HD79
22,Pete Alonso,28,NYM,NL,154,658,568,92,123,21,2,46,118,4,1,65,151,0.217,0.318,0.504,0.821,123,286,17,21,0,4,6,*3/D
23,Jose Altuve,33,HOU,AL,90,410,360,76,112,21,2,17,51,14,2,44,71,0.311,0.393,0.522,0.915,151,188,9,5,0,1,0,4/DH
24,Jake Alu*,26,WSN,NL,51,175,159,14,36,2,1,2,16,5,1,10,42,0.226,0.282,0.289,0.571,61,46,2,3,1,2,0,74/5H
25,Francisco Alvarez,21,NYM,NL,123,423,382,51,80,12,0,25,63,2,0,34,110,0.209,0.284,0.437,0.721,96,167,14,6,0,1,0,2H/D
26,Yordan Alvarez*,26,HOU,AL,114,496,410,77,120,24,1,31,97,0,0,69,92,0.293,0.407,0.583,0.99,170,239,7,13,0,4,5,D7/H
27,Jacob Amaya,24,MIA,NL,4,9,9,1,2,0,0,0,2,1,0,0,1,0.222,0.222,0.222,0.444,20,2,0,0,0,0,0,/64
28,Miguel Amaya,24,CHC,NL,53,156,131,17,28,4,0,5,18,0,0,12,40,0.214,0.329,0.359,0.688,88,47,2,11,1,1,0,2/DH
29,Brian Anderson,30,MIL,NL,96,361,318,38,72,12,3,9,40,1,3,36,108,0.226,0.31,0.368,0.678,84,117,10,4,0,3,0,59/HD
30,Tim Anderson,30,CHW,AL,123,524,493,52,121,18,2,1,25,13,2,26,122,0.245,0.286,0.296,0.582,62,146,15,3,0,2,0,*6/H4
31,Elvis Andrus,34,CHW,AL,112,406,374,39,94,20,1,6,44,12,4,25,71,0.251,0.304,0.358,0.662,82,134,11,4,1,2,1,46/H5D
32,Miguel Andujar,28,PIT,NL,30,90,84,9,21,7,0,4,18,2,0,6,13,0.25,0.3,0.476,0.776,108,40,1,0,0,0,0,9/HD7
33,Jonathan Aranda*,25,TBR,AL,34,103,87,13,20,4,1,2,13,0,0,13,31,0.23,0.34,0.368,0.708,99,32,1,2,0,1,1,D3H/45
34,Jonathan Araúz#,24,NYM,NL,27,66,59,3,8,0,0,3,9,0,0,5,18,0.136,0.203,0.288,0.491,34,17,1,0,2,0,0,5/46H
35,Orlando Arcia,28,ATL,NL,139,533,488,66,129,25,0,17,65,1,0,39,102,0.264,0.321,0.42,0.741,98,205,14,3,0,3,0,*6/H
36,Nolan Arenado,32,STL,NL,144,612,560,71,149,26,2,26,93,3,3,41,101,0.266,0.315,0.459,0.774,107,257,21,3,0,8,5,*5D/H
37,Gabriel Arias,23,CLE,AL,122,345,315,36,66,15,0,10,26,3,4,28,113,0.21,0.275,0.352,0.628,73,111,9,1,0,1,0,63H95/D4
38,Randy Arozarena,28,TBR,AL,151,654,551,95,140,19,3,23,83,22,10,80,156,0.254,0.364,0.425,0.789,121,234,10,18,0,5,1,*7D/H
39,Luis Arráez*,26,MIA,NL,147,617,574,71,203,30,3,10,69,3,2,35,34,0.354,0.393,0.469,0.861,130,269,18,4,1,3,10,*43/HD
40,Christian Arroyo,28,BOS,AL,66,206,195,23,47,16,0,3,24,1,3,7,45,0.241,0.268,0.369,0.638,70,72,8,1,1,2,0,4/H56
41,José Azocar,27,SDP,NL,55,102,91,16,21,6,0,2,9,8,2,4,24,0.231,0.278,0.363,0.641,75,33,2,2,5,0,0,98H/7D
42,Akil Baddoo*,24,DET,AL,112,357,312,40,68,13,1,11,34,14,3,42,89,0.218,0.31,0.372,0.682,86,116,4,0,2,1,2,7H/8D9
43,Harrison Bader,29,TOT,MLB,98,344,319,44,74,12,2,7,40,20,3,17,59,0.232,0.274,0.348,0.622,69,111,7,3,1,4,0,8/HD
44,Harrison Bader,29,NYY,AL,84,310,288,40,69,11,2,7,37,17,2,14,56,0.24,0.278,0.365,0.643,75,105,6,3,1,4,0,8/H
45,Harrison Bader,29,CIN,NL,14,34,31,4,5,1,0,0,3,3,1,3,3,0.161,0.235,0.194,0.429,17,6,1,0,0,0,0,8/HD
46,Ji Hwan Bae*,23,PIT,NL,111,371,334,54,77,17,2,2,32,24,9,30,92,0.231,0.296,0.311,0.608,67,104,4,2,3,2,0,48H/6
47,Javier Báez,30,DET,AL,136,547,510,58,113,18,4,9,59,12,0,24,125,0.222,0.267,0.325,0.593,62,166,12,9,0,3,0,*6/DH
48,Patrick Bailey#,24,SFG,NL,97,353,326,29,76,18,1,7,48,1,0,21,100,0.233,0.285,0.359,0.644,78,117,8,3,2,1,0,2/HD
49,Bryan Baker,28,BAL,AL,2,0,0,0,0,0,0,0,0,0,0,0,0,,,,,,0,0,0,0,0,0,1
50,Luken Baker,26,STL,NL,33,99,86,9,18,3,0,2,10,0,0,13,31,0.209,0.313,0.314,0.627,72,27,1,0,0,0,0,D3/H
51,Rylan Bannon,27,HOU,AL,2,6,6,0,0,0,0,0,0,0,0,0,3,0,0,0,0,-100,0,0,0,0,0,0,/4D
52,Scott Barlow,30,TOT,MLB,1,0,0,0,0,0,0,0,0,0,0,0,0,,,,,,0,0,0,0,0,0,1
53,Scott Barlow,30,KCR,AL,1,0,0,0,0,0,0,0,0,0,0,0,0,,,,,,0,0,0,0,0,0,1
54,Austin Barnes,33,LAD,NL,59,200,178,15,32,5,0,2,11,2,1,17,43,0.18,0.256,0.242,0.498,37,43,7,2,1,2,0,2/H4D
55,Tucker Barnhart*,32,CHC,NL,43,123,109,6,22,3,0,1,9,1,0,12,42,0.202,0.285,0.257,0.541,50,28,4,1,0,1,0,2/1H
56,Tres Barrera,28,STL,NL,6,2,2,0,0,0,0,0,0,0,0,0,0,0,0,0,0,-100,0,0,0,0,0,0,/2H
57,Jose Barrero,25,CIN,NL,46,149,133,15,29,8,0,2,17,3,2,15,44,0.218,0.295,0.323,0.619,66,43,1,0,0,1,0,68/HD
58,Joey Bart,26,SFG,NL,30,95,87,9,18,5,0,0,5,0,0,3,23,0.207,0.263,0.264,0.528,48,23,0,4,0,1,0,2/H
59,Osleivis Basabe,22,TBR,AL,31,94,87,15,19,5,0,1,12,0,1,6,25,0.218,0.277,0.31,0.587,65,27,2,1,0,0,0,6/5H497
60,Matthew Batten,28,SDP,NL,43,139,120,19,31,6,0,2,11,2,2,17,30,0.258,0.355,0.358,0.713,98,43,0,1,1,0,0,45/3HD6
61,Brett Baty*,23,NYM,NL,108,389,353,41,75,12,0,9,34,2,0,29,109,0.212,0.275,0.323,0.598,66,114,8,2,1,1,0,5/HD7
62,Jake Bauers*,27,NYY,AL,84,272,242,28,49,15,0,12,30,3,2,27,95,0.202,0.279,0.413,0.693,87,100,3,0,0,3,0,973H/D
63,Mike Baumann,27,BAL,AL,1,0,0,0,0,0,0,0,0,0,0,0,0,,,,,,0,0,0,0,0,0,1
64,Matt Beaty*,30,TOT,MLB,30,72,61,8,14,4,0,0,4,0,0,6,14,0.23,0.347,0.295,0.642,78,18,1,5,0,0,0,3H/D91
65,Matt Beaty*,30,SFG,NL,4,5,5,1,1,0,0,0,1,0,0,0,2,0.2,0.2,0.2,0.4,12,1,0,0,0,0,0,/DH1
66,Matt Beaty*,30,KCR,AL,26,67,56,7,13,4,0,0,3,0,0,6,12,0.232,0.358,0.304,0.662,84,17,1,5,0,0,0,3/HD9
67,Josh Bell#,30,TOT,MLB,150,617,547,52,135,28,0,22,74,0,1,63,134,0.247,0.325,0.419,0.744,102,229,13,2,0,3,2,D3/H
68,Josh Bell#,30,CLE,AL,97,393,347,26,81,19,0,11,48,0,1,43,81,0.233,0.318,0.383,0.701,94,133,7,1,0,2,1,D3/H
69,Josh Bell#,30,MIA,NL,53,224,200,26,54,9,0,11,26,0,0,20,53,0.27,0.338,0.48,0.818,116,96,6,1,0,1,1,3D
70,Cody Bellinger*,27,CHC,NL,130,556,499,95,153,29,1,26,97,20,6,40,87,0.307,0.356,0.525,0.881,136,262,7,5,0,12,3,83/DH
71,Brandon Belt*,35,TOR,AL,103,404,339,53,86,23,0,19,43,0,0,61,141,0.254,0.369,0.49,0.858,135,166,5,2,0,2,1,D3/H
72,Anthony Bemboom*,33,BAL,AL,6,13,11,0,2,0,0,0,0,0,0,2,2,0.182,0.308,0.182,0.49,44,2,0,0,0,0,0,/2
73,Andrew Benintendi*,28,CHW,AL,151,621,562,72,147,34,2,5,45,13,2,52,89,0.262,0.326,0.356,0.682,88,200,12,3,1,3,5,*7/HD
74,Will Benson*,25,CIN,NL,108,329,287,51,79,15,8,11,31,19,3,40,103,0.275,0.365,0.498,0.863,129,143,3,1,0,1,0,97H/D8
75,José Berríos,29,TOR,AL,1,0,0,0,0,0,0,0,0,0,0,0,0,,,,,,0,0,0,0,0,0,1
76,Jon Berti,33,MIA,NL,133,424,388,53,114,16,3,7,33,16,6,29,77,0.294,0.344,0.405,0.748,100,157,10,2,2,3,2,65H74/D9
77,Christian Bethancourt,31,TBR,AL,104,332,315,49,71,16,0,11,33,1,0,13,91,0.225,0.254,0.381,0.635,75,120,6,0,1,3,0,2/HD1
78,Mookie Betts,30,LAD,NL,152,693,584,126,179,40,1,39,107,14,3,96,107,0.307,0.408,0.579,0.987,164,338,5,8,0,5,3,946/H
79,Bo Bichette,25,TOR,AL,135,601,571,69,175,30,3,20,73,5,3,27,115,0.306,0.339,0.475,0.814,122,271,14,2,0,1,0,*6/DH
80,Cavan Biggio*,28,TOR,AL,111,338,289,54,68,12,0,9,40,5,2,40,88,0.235,0.34,0.37,0.71,97,107,0,7,0,2,0,4H935/D6
81,Charlie Blackmon*,36,COL,NL,96,413,359,57,100,24,5,8,40,4,1,39,55,0.279,0.363,0.44,0.803,109,158,6,11,0,4,0,D9/H
82,Dairon Blanco,30,KCR,AL,69,138,124,19,32,7,4,3,18,24,5,10,33,0.258,0.324,0.452,0.775,108,56,2,2,2,0,0,79H/8D
83,Travis Blankenhorn*,26,WSN,NL,10,37,31,2,5,0,0,1,1,0,0,6,6,0.161,0.297,0.258,0.555,58,8,0,0,0,0,0,/79
84,JJ Bleday*,25,OAK,AL,82,303,256,35,50,11,0,10,27,5,1,42,72,0.195,0.31,0.355,0.666,88,91,3,2,0,3,0,789/HD
85,Xander Bogaerts,30,SDP,NL,155,665,596,83,170,31,2,19,58,19,2,56,110,0.285,0.35,0.44,0.79,117,262,21,7,0,6,0,*6/DH
86,Alec Bohm,26,PHI,NL,145,611,558,74,153,31,0,20,97,4,1,42,94,0.274,0.327,0.437,0.765,106,244,23,5,0,6,1,53/DH
87,Sean Bouchard,27,COL,NL,21,43,38,11,12,2,0,4,7,0,1,4,14,0.316,0.372,0.684,1.056,168,26,0,0,0,1,0,9/H7D
88,Jackie Bradley Jr.*,33,KCR,AL,43,113,105,10,14,5,0,1,6,0,0,5,29,0.133,0.188,0.21,0.397,8,22,3,2,1,0,0,89/7H
89,Michael Brantley*,36,HOU,AL,15,57,54,7,15,2,0,2,7,0,0,2,2,0.278,0.298,0.426,0.724,98,23,2,0,0,1,0,7/DH
90,Matt Brash,25,SEA,AL,1,0,0,0,0,0,0,0,0,0,0,0,0,,,,,,0,0,0,0,0,0,1
91,Ryan Brasier,35,TOT,MLB,1,0,0,0,0,0,0,0,0,0,0,0,0,,,,,,0,0,0,0,0,0,1
92,Ryan Brasier,35,LAD,NL,1,0,0,0,0,0,0,0,0,0,0,0,0,,,,,,0,0,0,0,0,0,1
93,Alex Bregman,29,HOU,AL,161,724,622,103,163,28,4,25,98,3,1,92,87,0.262,0.363,0.441,0.804,122,274,22,8,0,2,1,*5/D
94,Will Brennan*,25,CLE,AL,138,455,432,41,115,24,0,5,41,13,5,16,57,0.266,0.299,0.356,0.655,82,154,4,5,0,2,2,*9H8/7D
95,Jonah Bride,27,OAK,AL,40,106,88,9,15,3,0,0,7,0,1,11,22,0.17,0.286,0.205,0.49,43,18,3,4,1,2,0,5/HD3
96,Mike Brosseau,29,MIL,NL,29,78,73,4,15,2,0,4,8,0,0,4,20,0.205,0.256,0.397,0.654,74,29,2,1,0,0,0,5/H31D4
97,Seth Brown*,30,OAK,AL,112,378,343,33,76,19,1,14,52,3,1,30,101,0.222,0.286,0.405,0.692,93,139,6,2,1,2,1,97HD3
98,Vidal Bruján#,25,TBR,AL,37,84,76,14,13,2,0,0,6,3,2,5,21,0.171,0.241,0.197,0.438,26,15,1,2,1,0,0,4H/695
99,Kris Bryant,31,COL,NL,80,335,300,36,70,10,0,10,31,0,0,29,68,0.233,0.313,0.367,0.68,78,110,6,6,0,0,0,9D/37H
100,JB Bukauskas,26,TOT,MLB,1,0,0,0,0,0,0,0,0,0,0,0,0,,,,,,0,0,0,0,0,0,/1
101,JB Bukauskas,26,SEA,AL,1,0,0,0,0,0,0,0,0,0,0,0,0,,,,,,0,0,0,0,0,0,/1
102,Aaron Bummer*,29,CHW,AL,1,0,0,0,0,0,0,0,0,0,0,0,0,,,,,,0,0,0,0,0,0,1
103,Peyton Burdick,26,MIA,NL,14,37,33,4,6,2,0,1,2,1,0,3,18,0.182,0.27,0.333,0.604,61,11,0,1,0,0,0,9/8H7
104,Jake Burger,27,TOT,MLB,141,540,492,71,123,28,1,34,80,1,1,32,149,0.25,0.309,0.518,0.828,120,255,4,12,0,4,0,5D/H34
105,Jake Burger,27,CHW,AL,88,323,294,44,63,15,1,25,52,1,1,22,102,0.214,0.279,0.527,0.806,115,155,3,5,0,2,0,5D/H34
106,Jake Burger,27,MIA,NL,53,217,198,27,60,13,0,9,28,0,0,10,47,0.303,0.355,0.505,0.86,127,100,1,7,0,2,0,5/D
107,Alec Burleson*,24,STL,NL,107,347,315,34,77,20,1,8,36,3,1,23,45,0.244,0.3,0.39,0.691,86,123,13,3,1,2,0,7DH39/1
108,Michael Busch*,25,LAD,NL,27,81,72,9,12,3,0,2,7,1,0,8,27,0.167,0.247,0.292,0.539,46,21,0,0,0,1,0,5/D3H47
109,Lawrence Butler*,22,OAK,AL,42,129,123,10,26,4,0,4,10,0,0,4,35,0.211,0.24,0.341,0.582,62,42,5,1,0,1,0,8/H9
110,Byron Buxton,29,MIN,AL,85,347,304,49,63,17,1,17,42,9,0,35,109,0.207,0.294,0.438,0.731,98,133,3,4,0,4,2,D/H
111,José Caballero,26,SEA,AL,104,280,231,37,51,9,1,4,26,26,3,28,66,0.221,0.343,0.32,0.663,91,74,0,17,0,4,0,4H6/5D7
112,Trey Cabbage*,26,LAA,AL,22,56,53,5,11,3,0,1,7,1,1,2,26,0.208,0.232,0.321,0.553,49,17,1,0,0,1,0,/39H78
113,Génesis Cabrera*,26,TOT,MLB,2,0,0,0,0,0,0,0,0,0,0,0,0,,,,,,0,0,0,0,0,0,1
114,Génesis Cabrera*,26,STL,NL,2,0,0,0,0,0,0,0,0,0,0,0,0,,,,,,0,0,0,0,0,0,1
115,Miguel Cabrera,40,DET,AL,98,370,334,21,86,20,0,4,34,0,0,31,74,0.257,0.322,0.353,0.675,86,118,11,2,0,3,0,D/H3
116,Oswaldo Cabrera#,24,NYY,AL,115,330,298,35,63,11,0,5,29,8,0,25,72,0.211,0.275,0.299,0.574,58,89,6,2,3,2,1,795H/46D38
117,Kole Calhoun*,35,CLE,AL,43,174,157,18,34,7,0,6,25,0,1,13,37,0.217,0.282,0.376,0.657,81,59,3,2,0,2,0,3D/9H
118,Willie Calhoun*,28,NYY,AL,44,149,134,16,32,7,0,5,16,0,0,14,20,0.239,0.309,0.403,0.712,94,54,2,0,0,1,1,D/9H7
119,Alex Call,28,WSN,NL,128,439,375,43,75,14,1,8,38,9,8,53,78,0.2,0.307,0.307,0.614,73,115,1,6,3,2,0,*87/9H
120,Johan Camargo#,29,SFG,NL,8,20,18,0,4,0,0,0,2,0,0,1,4,0.222,0.3,0.222,0.522,49,4,2,1,0,0,0,/65
121,Junior Caminero,19,TBR,AL,7,36,34,4,8,1,0,1,7,0,0,2,8,0.235,0.278,0.353,0.631,76,12,2,0,0,0,0,/5D64
122,Luis Campusano,24,SDP,NL,49,174,163,27,52,7,0,7,30,0,0,7,21,0.319,0.356,0.491,0.847,131,80,8,3,0,1,0,2/DH
123,Alexander Canario,23,CHC,NL,6,17,17,1,5,1,1,1,6,0,0,0,8,0.294,0.294,0.647,0.941,146,11,0,0,0,0,0,/DH879
124,Jeimer Candelario#,29,TOT,NL,140,576,505,77,127,39,3,22,70,8,1,53,127,0.251,0.336,0.471,0.807,121,238,11,13,0,4,1,*53/DH
125,Jeimer Candelario#,29,WSN,NL,99,419,368,57,95,30,2,16,53,6,1,36,88,0.258,0.342,0.481,0.823,127,177,10,12,0,2,1,5/D
126,Jeimer Candelario#,29,CHC,NL,41,157,137,20,32,9,1,6,17,2,0,17,39,0.234,0.318,0.445,0.764,105,61,1,1,0,2,0,35/DH
127,Mark Canha,34,TOT,NL,139,507,435,51,114,25,1,11,62,11,1,49,79,0.262,0.355,0.4,0.755,108,174,11,17,0,6,1,7D93H/5
128,Mark Canha,34,NYM,NL,89,303,257,28,63,15,1,6,29,7,0,32,52,0.245,0.343,0.381,0.725,101,98,8,9,0,5,0,7D39H/5
129,Mark Canha,34,MIL,NL,50,204,178,23,51,10,0,5,33,4,1,17,27,0.287,0.373,0.427,0.8,117,76,3,8,0,1,1,D79/3H
130,Yennier Cano,29,BAL,AL,3,0,0,0,0,0,0,0,0,0,0,0,0,,,,,,0,0,0,0,0,0,1
131,Dominic Canzone*,25,TOT,MLB,59,182,173,23,38,13,0,6,21,1,0,8,32,0.22,0.258,0.399,0.657,82,69,5,1,0,0,0,7DH9
132,Dominic Canzone*,25,ARI,NL,15,41,38,4,9,2,0,1,8,0,0,2,8,0.237,0.293,0.368,0.661,81,14,1,1,0,0,0,/DH9
133,Dominic Canzone*,25,SEA,AL,44,141,135,19,29,11,0,5,13,1,0,6,24,0.215,0.248,0.407,0.656,82,55,4,0,0,0,0,7D/9H
134,Conner Capel*,26,OAK,AL,32,86,73,6,19,5,0,0,3,5,3,12,25,0.26,0.372,0.329,0.701,102,24,1,1,0,0,0,97/HD
135,Vinny Capra,26,PIT,NL,9,21,18,3,3,1,0,0,1,0,0,2,5,0.167,0.25,0.222,0.472,31,4,0,0,1,0,0,/54H
136,Victor Caratini#,29,MIL,NL,62,226,201,23,52,4,0,7,25,1,1,19,45,0.259,0.327,0.383,0.711,92,77,8,3,0,3,0,2/HD3
137,Dylan Carlson#,24,STL,NL,76,255,219,27,48,8,1,5,27,3,0,26,49,0.219,0.318,0.333,0.651,78,73,4,7,0,3,0,89/H7D
138,Kerry Carpenter*,25,DET,AL,118,459,418,57,116,17,2,20,64,6,0,32,115,0.278,0.34,0.471,0.811,120,197,5,8,0,1,3,9D7/H
139,Matt Carpenter*,37,SDP,NL,76,237,188,18,33,12,0,5,31,1,0,41,67,0.176,0.322,0.319,0.641,79,60,2,2,0,5,0,DH3
140,Corbin Carroll*,22,ARI,NL,155,645,565,116,161,30,10,25,76,54,5,57,125,0.285,0.362,0.506,0.868,135,286,7,13,6,4,1,*798/HD
141,Evan Carter*,20,TEX,AL,23,75,62,15,19,4,1,5,12,3,0,12,24,0.306,0.413,0.645,1.058,187,40,1,0,0,1,1,7/89H
142,Curt Casali,34,CIN,NL,40,96,80,8,14,2,0,0,6,0,0,11,23,0.175,0.29,0.2,0.49,36,16,1,2,3,0,0,Feb-35
143,Triston Casas*,23,BOS,AL,132,502,429,66,113,21,2,24,65,0,0,70,126,0.263,0.367,0.49,0.856,129,210,7,1,0,2,2,*3H/D
144,Nick Castellanos,31,PHI,NL,157,671,626,79,170,37,2,29,106,11,2,36,185,0.272,0.311,0.476,0.788,111,298,17,3,0,6,0,*9/DH
145,Diego Castillo,25,ARI,NL,1,1,1,0,0,0,0,0,0,0,0,0,0,0,0,0,0,-100,0,0,0,0,0,0,/H
146,Harold Castro*,29,COL,NL,99,270,258,24,65,13,0,1,31,1,0,9,66,0.252,0.275,0.314,0.589,54,81,5,0,1,2,0,4H8/76D951
147,Miguel Castro,28,ARI,NL,2,0,0,0,0,0,0,0,0,0,0,0,0,,,,,,0,0,0,0,0,0,1
148,Rodolfo Castro#,24,TOT,NL,92,256,227,21,48,7,0,6,24,1,4,23,74,0.211,0.297,0.322,0.618,70,73,4,5,0,1,1,46H5/D
149,Rodolfo Castro#,24,PIT,NL,78,224,197,19,45,7,0,6,22,1,4,21,62,0.228,0.317,0.355,0.672,84,70,4,5,0,1,1,46H/5D
150,Rodolfo Castro#,24,PHI,NL,14,32,30,2,3,0,0,0,2,0,0,2,12,0.1,0.156,0.1,0.256,-28,3,0,0,0,0,0,/54HD
151,Willi Castro#,26,MIN,AL,124,409,358,60,92,18,5,9,34,33,5,34,99,0.257,0.339,0.411,0.75,106,147,5,12,2,3,1,785H4/69D1
152,Jake Cave*,30,PHI,NL,65,203,184,18,39,8,1,5,21,3,0,15,55,0.212,0.272,0.348,0.62,68,64,3,1,1,2,0,739/H8D
153,Andrew Chafin,33,TOT,NL,3,0,0,0,0,0,0,0,0,0,0,0,0,,,,,,0,0,0,0,0,0,1
154,Andrew Chafin,33,ARI,NL,3,0,0,0,0,0,0,0,0,0,0,0,0,,,,,,0,0,0,0,0,0,1
155,Yu Chang,27,BOS,AL,39,112,105,12,17,2,0,6,18,4,0,3,34,0.162,0.2,0.352,0.552,45,37,2,2,2,0,0,6/4H35D
156,Aroldis Chapman*,35,TOT,AL,1,0,0,0,0,0,0,0,0,0,0,0,0,,,,,,0,0,0,0,0,0,1
157,Aroldis Chapman*,35,KCR,AL,1,0,0,0,0,0,0,0,0,0,0,0,0,,,,,,0,0,0,0,0,0,1
158,Matt Chapman,30,TOR,AL,140,581,509,66,122,39,2,17,54,4,2,62,165,0.24,0.33,0.424,0.755,107,216,4,8,0,2,1,*5/DH
159,Michael Chavis,27,WSN,NL,48,96,91,16,22,3,0,2,5,1,0,5,33,0.242,0.281,0.341,0.622,73,31,3,0,0,0,0,4H/35D79
160,Jazz Chisholm Jr.*,25,MIA,NL,97,383,352,50,88,12,2,19,51,22,3,26,118,0.25,0.304,0.457,0.761,100,161,4,2,1,2,0,8/HD
161,Jiman Choi*,32,TOT,NL,39,117,104,12,17,5,0,6,13,0,0,10,35,0.163,0.239,0.385,0.624,68,40,2,1,0,2,0,D3/H
162,Jiman Choi*,32,PIT,NL,23,76,73,9,15,4,0,6,11,0,0,2,27,0.205,0.224,0.507,0.731,92,37,1,0,0,1,0,D/3H
163,Jiman Choi*,32,SDP,NL,16,41,31,3,2,1,0,0,2,0,0,8,8,0.065,0.268,0.097,0.365,8,3,1,1,0,1,0,3/DH
164,Taylor Clarke,30,KCR,AL,1,0,0,0,0,0,0,0,0,0,0,0,0,,,,,,0,0,0,0,0,0,1
165,Kody Clemens*,27,PHI,NL,47,148,139,15,32,7,0,4,13,0,0,8,40,0.23,0.277,0.367,0.644,74,51,1,1,0,0,0,3/H1D96
166,Ernie Clement,27,TOR,AL,29,52,50,7,19,1,1,1,10,1,0,1,4,0.38,0.385,0.5,0.885,143,25,0,0,0,1,0,6H/45D1
167,Oscar Colás*,24,CHW,AL,75,263,245,32,53,9,0,5,19,4,3,12,71,0.216,0.257,0.314,0.571,57,77,5,2,2,2,1,9/8HD
168,Dylan Coleman,26,KCR,AL,2,0,0,0,0,0,0,0,0,0,0,0,0,,,,,,0,0,0,0,0,0,1
169,Zack Collins*,28,CLE,AL,2,6,4,0,2,0,0,0,0,0,0,2,2,0.5,0.667,0.5,1.167,233,2,0,0,0,0,0,/2
170,Michael Conforto*,30,SFG,NL,125,470,406,58,97,14,0,15,58,4,0,53,106,0.239,0.334,0.384,0.718,100,156,12,7,0,4,4,*97DH
171,William Contreras,25,MIL,NL,141,611,540,86,156,38,1,17,78,6,1,63,126,0.289,0.367,0.457,0.825,122,247,23,5,1,2,2,2D/H
172,Willson Contreras,31,STL,NL,125,495,428,55,113,27,0,20,67,6,3,51,111,0.264,0.358,0.467,0.826,122,200,12,13,1,2,0,2D/H
173,Garrett Cooper,32,TOT,NL,123,457,422,42,106,18,1,17,61,0,0,31,132,0.251,0.304,0.419,0.724,93,177,15,2,0,2,0,3DH
174,Garrett Cooper,32,MIA,NL,82,324,305,28,78,11,1,13,46,0,0,17,97,0.256,0.296,0.426,0.723,91,130,9,1,0,1,0,3D/H
175,Garrett Cooper,32,SDP,NL,41,133,117,14,28,7,0,4,15,0,0,14,35,0.239,0.323,0.402,0.725,99,47,6,1,0,1,0,3D/H
176,Franchy Cordero*,28,NYY,AL,24,71,69,9,13,2,0,6,13,0,0,2,25,0.188,0.211,0.478,0.69,81,33,0,0,0,0,0,9/7H
177,Carlos Correa,28,MIN,AL,135,580,514,60,118,29,2,18,65,0,0,59,131,0.23,0.312,0.399,0.711,94,205,30,4,0,3,3,*6
178,Danny Coulombe*,33,BAL,AL,2,0,0,0,0,0,0,0,0,0,0,0,0,,,,,,0,0,0,0,0,0,1
179,Colton Cowser*,23,BAL,AL,26,77,61,15,7,2,0,0,4,1,0,13,22,0.115,0.286,0.148,0.433,28,9,1,2,0,1,0,98/7H
180,Austin Cox*,26,KCR,AL,1,0,0,0,0,0,0,0,0,0,0,0,0,,,,,,0,0,0,0,0,0,1
181,Brandon Crawford*,36,SFG,NL,93,320,283,31,55,11,1,7,38,3,0,28,81,0.194,0.273,0.314,0.587,63,89,5,4,1,4,1,6/H1
182,J.P. Crawford*,28,SEA,AL,145,638,534,94,142,35,0,19,65,2,0,94,125,0.266,0.38,0.438,0.818,132,234,7,5,3,2,1,*6/H
183,Kutter Crawford,27,BOS,AL,1,0,0,1,0,0,0,0,0,0,0,0,0,,,,,,0,0,0,0,0,0,1/H
184,C.J. Cron,33,TOT,MLB,71,278,258,38,64,12,0,12,37,0,0,17,65,0.248,0.295,0.434,0.729,89,112,13,1,0,2,0,3/DH
185,C.J. Cron,33,COL,NL,56,224,208,31,54,12,0,11,32,0,0,13,50,0.26,0.304,0.476,0.78,100,99,10,1,0,2,0,3/DH
186,C.J. Cron,33,LAA,AL,15,54,50,7,10,0,0,1,5,0,0,4,15,0.2,0.259,0.26,0.519,43,13,3,0,0,0,0,3/DH
187,Jake Cronenworth*,29,SDP,NL,127,522,458,54,105,24,7,10,48,6,1,46,97,0.229,0.312,0.378,0.689,89,173,8,11,1,5,2,34/H
188,Tyler Cropley,27,KCR,AL,2,7,6,0,1,0,0,0,1,0,0,0,2,0.167,0.143,0.167,0.31,-16,1,0,0,0,1,0,/2
189,Pete Crow-Armstrong*,21,CHC,NL,13,19,14,3,0,0,0,0,1,2,2,3,7,0,0.176,0,0.176,-45,0,0,0,2,0,0,8/H
190,Nelson Cruz,42,SDP,NL,49,152,143,9,35,5,1,5,23,1,0,6,46,0.245,0.283,0.399,0.681,86,57,2,2,0,1,1,DH/3
191,Oneil Cruz*,24,PIT,NL,9,40,32,7,8,1,0,1,4,3,0,7,8,0.25,0.375,0.375,0.75,107,12,0,0,0,1,0,/6
192,Charlie Culberson,34,ATL,NL,1,1,1,0,1,0,0,0,0,0,0,0,0,1,1,1,2,445,1,0,0,0,0,0,/DH
193,Travis d'Arnaud,34,ATL,NL,74,292,267,31,60,13,0,11,39,0,0,21,67,0.225,0.288,0.397,0.685,83,106,6,3,0,1,0,2/DH
194,David Dahl*,29,SDP,NL,4,9,9,1,1,0,0,1,1,0,0,0,2,0.111,0.111,0.444,0.556,43,4,0,0,0,0,0,/9H
195,Bobby Dalbec,28,BOS,AL,21,53,49,6,10,2,0,1,1,1,0,4,28,0.204,0.264,0.306,0.57,54,15,0,0,0,0,0,3/H5D46
196,Henry Davis,23,PIT,NL,62,255,225,27,48,10,0,7,24,3,5,25,69,0.213,0.302,0.351,0.653,78,79,3,4,0,1,2,9D/2H
197,J.D. Davis,30,SFG,NL,144,546,480,61,119,23,1,18,69,1,0,52,152,0.248,0.325,0.413,0.738,104,198,16,6,0,6,0,*5H3D
198,Jonathan Davis,31,MIA,NL,34,104,90,22,22,4,1,2,10,1,2,7,29,0.244,0.307,0.378,0.685,83,34,1,2,2,2,0,8/H97
199,Yonathan Daza,29,COL,NL,24,80,74,8,20,6,0,0,7,1,0,3,13,0.27,0.304,0.351,0.655,71,26,5,1,1,1,0,8/H9
200,Bryan De La Cruz,26,MIA,NL,153,626,579,60,149,32,0,19,78,4,1,40,142,0.257,0.304,0.411,0.715,90,238,18,1,0,5,0,*79/8HD
201,Elly De La Cruz#,21,CIN,NL,98,427,388,67,91,15,7,13,44,35,8,35,144,0.235,0.3,0.41,0.71,88,159,6,2,1,1,3,65/HD
202,Paul DeJong,29,TOT,MLB,112,400,372,41,77,13,0,14,38,4,4,21,121,0.207,0.258,0.355,0.612,65,132,10,5,0,2,0,*6/H4D
203,Paul DeJong,29,TOT,NL,99,356,328,40,74,13,0,14,37,4,4,21,103,0.226,0.281,0.393,0.674,81,129,9,5,0,2,0,6/H4D
204,Paul DeJong,29,STL,NL,81,306,279,38,65,11,0,13,32,4,4,21,87,0.233,0.297,0.412,0.71,90,115,8,5,0,1,0,6/H
205,Paul DeJong,29,TOR,AL,13,44,44,1,3,0,0,0,1,0,0,0,18,0.068,0.068,0.068,0.136,-62,3,1,0,0,0,0,6
206,Paul DeJong,29,SFG,NL,18,50,49,2,9,2,0,1,5,0,0,0,16,0.184,0.18,0.286,0.466,27,14,1,0,0,1,0,6/H4D
207,Jason Delay,28,PIT,NL,70,187,167,20,42,11,1,1,18,0,0,14,44,0.251,0.319,0.347,0.666,83,58,5,3,2,1,0,2/H
208,Jonny DeLuca,24,LAD,NL,24,45,42,5,11,1,0,2,6,1,0,3,8,0.262,0.311,0.429,0.74,98,18,0,0,0,0,0,H/789D
209,Rafael Devers*,26,BOS,AL,153,656,580,90,157,34,0,33,100,5,1,62,126,0.271,0.351,0.5,0.851,126,290,15,11,0,3,10,*5/DH6
210,Aledmys Díaz,32,OAK,AL,109,344,315,25,72,20,1,4,24,1,0,17,66,0.229,0.28,0.337,0.616,74,106,14,7,1,4,2,56H743/D
211,Alexis Díaz,26,CIN,NL,3,0,0,0,0,0,0,0,0,0,0,0,0,,,,,,0,0,0,0,0,0,1
212,Elias Díaz,32,COL,NL,141,526,486,48,130,25,1,14,72,1,0,34,118,0.267,0.316,0.409,0.725,88,199,12,2,0,4,0,*2H/D
213,Isan Díaz*,27,TOT,MLB,8,26,24,0,1,0,0,0,1,0,0,2,9,0.042,0.115,0.042,0.157,-53,1,0,0,0,0,0,/45H
214,Isan Díaz*,27,SFG,NL,6,21,19,0,1,0,0,0,1,0,0,2,7,0.053,0.143,0.053,0.195,-42,1,0,0,0,0,0,/45
215,Isan Díaz*,27,DET,AL,2,5,5,0,0,0,0,0,0,0,0,0,2,0,0,0,0,-100,0,0,0,0,0,0,/4H
216,Jordan Diaz,22,OAK,AL,90,293,272,20,60,9,0,10,27,0,1,17,69,0.221,0.273,0.364,0.637,78,99,10,3,0,1,0,54D/H3
217,Yainer Diaz,24,HOU,AL,104,377,355,51,100,22,0,23,60,0,0,11,74,0.282,0.308,0.538,0.846,128,191,12,5,0,6,0,2DH/3
218,Yandy Díaz,31,TBR,AL,137,600,525,95,173,35,0,22,78,0,1,65,94,0.33,0.41,0.522,0.932,159,274,16,8,0,2,0,*3D/5H
219,Corey Dickerson*,34,WSN,NL,50,152,144,12,36,7,1,2,17,0,1,7,28,0.25,0.283,0.354,0.637,77,51,3,0,0,1,0,7/HD9
220,Brandon Dixon,31,SDP,NL,33,86,79,10,16,4,0,2,9,1,0,1,31,0.203,0.244,0.329,0.573,57,26,1,4,0,2,0,3/H9D71
221,Jasson Domínguez#,20,NYY,AL,8,33,31,6,8,1,0,4,7,1,0,2,8,0.258,0.303,0.677,0.98,158,21,1,0,0,0,0,/8
222,Josh Donaldson,37,TOT,MLB,50,189,165,18,25,5,0,13,26,0,0,22,50,0.152,0.249,0.418,0.667,78,69,6,0,0,2,0,5/DH1
223,Josh Donaldson,37,NYY,AL,33,120,106,13,15,1,0,10,15,0,0,12,32,0.142,0.225,0.434,0.659,75,46,2,0,0,2,0,5/DH1
224,Josh Donaldson,37,MIL,NL,17,69,59,5,10,4,0,3,11,0,0,10,18,0.169,0.29,0.39,0.68,82,23,4,0,0,0,0,5/D
225,Brendan Donovan*,26,STL,NL,95,371,327,48,93,10,1,11,34,5,1,33,53,0.284,0.365,0.422,0.787,113,138,4,9,1,1,2,47D3H/956
226,Camilo Doval,25,SFG,NL,2,0,0,0,0,0,0,0,0,0,0,0,0,,,,,,0,0,0,0,0,0,1
227,Jeter Downs,24,WSN,NL,6,9,5,4,2,0,0,0,1,2,0,4,1,0.4,0.667,0.4,1.067,210,2,0,0,0,0,0,/64H
228,Brenton Doyle,25,COL,NL,126,431,399,48,81,16,5,10,48,22,5,22,151,0.203,0.25,0.343,0.593,53,137,9,4,3,3,0,*8/H
229,Hunter Dozier,31,KCR,AL,29,91,82,8,15,2,1,2,9,2,0,8,29,0.183,0.253,0.305,0.558,51,25,0,0,0,1,0,5/397HD
230,Brandon Drury,30,LAA,AL,125,523,485,61,127,30,3,26,83,0,2,25,136,0.262,0.306,0.497,0.803,114,241,14,8,0,5,0,43/DH
231,Daniel Duarte,26,CIN,NL,2,0,0,0,0,0,0,0,0,0,0,0,0,,,,,,0,0,0,0,0,0,1
232,Mauricio Dubón,28,HOU,AL,132,492,467,76,130,26,3,10,46,7,2,19,70,0.278,0.309,0.411,0.72,97,192,10,3,0,3,0,48H/76395
233,Matt Duffy,32,KCR,AL,78,209,191,17,48,8,0,2,16,1,0,12,39,0.251,0.306,0.325,0.631,73,62,4,4,0,2,0,54H3/D16
234,Ezequiel Duran,24,TEX,AL,122,439,406,55,112,22,2,14,46,8,4,23,120,0.276,0.324,0.443,0.768,110,180,7,7,1,2,1,675D/4H39
235,Jarren Duran*,26,BOS,AL,102,362,332,46,98,34,2,8,40,24,2,24,90,0.295,0.346,0.482,0.828,121,160,3,3,0,2,1,87H/D9
236,Adam Duvall,34,BOS,AL,92,353,320,45,79,24,2,21,58,4,0,22,110,0.247,0.303,0.531,0.834,119,170,0,6,0,5,1,89/H7D
237,Nate Eaton,26,KCR,AL,28,56,53,2,4,0,0,0,1,3,0,2,21,0.075,0.125,0.075,0.2,-43,4,0,1,0,0,0,7/H89D51
238,Cam Eden,25,TOR,AL,5,6,6,1,1,0,0,0,0,0,0,0,2,0.167,0.167,0.167,0.333,-7,1,0,0,0,0,0,/HD7
239,Tommy Edman#,28,STL,NL,137,528,479,69,119,25,4,13,47,27,4,35,84,0.248,0.307,0.399,0.705,90,191,9,7,3,4,1,468/9H
240,Xavier Edwards#,23,MIA,NL,30,84,78,12,23,3,0,0,3,5,0,3,14,0.295,0.329,0.333,0.663,79,26,1,1,2,0,0,4/H8D
241,Drew Ellis,27,PHI,NL,12,29,23,4,5,0,0,2,4,0,1,6,7,0.217,0.379,0.478,0.858,132,11,0,0,0,0,0,/35H
242,Christian Encarnacion-Strand,23,CIN,NL,63,241,222,29,60,7,0,13,37,2,0,14,69,0.27,0.328,0.477,0.805,112,106,5,5,0,0,0,3D/5H9
243,Adam Engel,31,SDP,NL,5,6,6,0,0,0,0,0,0,0,1,0,2,0,0,0,0,-100,0,0,0,0,0,0,/8H7
244,Eduardo Escobar#,34,TOT,MLB,99,309,288,32,65,6,5,6,31,2,1,18,78,0.226,0.269,0.344,0.613,67,99,7,0,1,2,0,54H/D316
245,Eduardo Escobar#,34,NYM,NL,40,120,110,15,26,3,2,4,16,2,0,8,24,0.236,0.286,0.409,0.695,90,45,4,0,1,1,0,5/4HD6
246,Eduardo Escobar#,34,LAA,AL,59,189,178,17,39,3,3,2,15,0,1,10,54,0.219,0.259,0.303,0.563,53,54,3,0,0,1,0,5H4/31D
247,Santiago Espinal,28,TOR,AL,93,254,230,30,57,14,0,2,25,2,1,18,36,0.248,0.31,0.335,0.644,79,77,5,3,2,1,1,45H6/D
248,Thairo Estrada,27,SFG,NL,120,530,495,63,134,26,2,14,49,23,7,22,120,0.271,0.315,0.416,0.731,102,206,10,11,0,2,1,46/7D
249,Stuart Fairchild,27,CIN,NL,97,255,219,34,50,16,2,5,28,10,3,25,69,0.228,0.321,0.388,0.71,89,85,2,6,3,2,0,798H/D
250,Buck Farmer*,32,CIN,NL,1,0,0,0,0,0,0,0,0,0,0,0,0,,,,,,0,0,0,0,0,0,1
251,Kyle Farmer,32,MIN,AL,120,369,336,49,86,14,2,11,46,2,4,23,86,0.256,0.317,0.408,0.725,98,137,7,8,0,2,0,456H/37D
252,Caleb Ferguson,26,LAD,NL,2,0,0,0,0,0,0,0,0,0,0,0,0,,,,,,0,0,0,0,0,0,1
253,Freddy Fermin,28,KCR,AL,70,235,217,26,61,10,1,9,32,0,0,13,50,0.281,0.321,0.461,0.781,109,100,11,1,1,3,0,2/HD
254,José Fermín,24,STL,NL,21,61,51,2,12,1,0,0,4,0,1,6,8,0.235,0.339,0.255,0.594,65,13,1,2,2,0,0,4/5HD
255,Tyler Fitzgerald,25,SFG,NL,10,34,32,3,7,2,0,2,5,2,0,2,10,0.219,0.265,0.469,0.733,99,15,0,0,0,0,0,/85
256,David Fletcher,29,LAA,AL,33,97,89,7,22,1,0,2,12,0,0,7,9,0.247,0.302,0.326,0.628,72,29,2,0,1,0,1,64/5H
257,Dominic Fletcher*,25,ARI,NL,28,102,93,10,28,5,1,2,14,0,2,7,22,0.301,0.35,0.441,0.791,116,41,0,0,2,0,1,89/7H
258,Wilmer Flores,31,SFG,NL,126,454,405,51,115,22,0,23,60,0,0,41,63,0.284,0.355,0.509,0.863,137,206,13,5,0,3,1,3DH5/4
259,Estevan Florial*,25,NYY,AL,19,71,61,5,14,3,1,0,8,3,0,7,20,0.23,0.324,0.311,0.635,76,19,0,2,0,1,0,8/H
260,Mike Ford*,30,SEA,AL,83,251,219,32,50,6,0,16,34,0,0,24,81,0.228,0.323,0.475,0.798,123,104,4,7,0,1,0,DH3/1
261,Nick Fortes,26,MIA,NL,108,323,294,33,60,10,0,6,26,4,2,17,59,0.204,0.263,0.299,0.562,51,88,12,7,3,2,0,2H/D
262,Jake Fraley*,28,CIN,NL,111,380,336,41,86,18,0,15,65,21,5,37,71,0.256,0.339,0.443,0.783,108,149,5,6,0,1,2,97HD
263,Ty France,28,SEA,AL,158,665,587,79,147,32,0,12,58,1,0,43,117,0.25,0.337,0.366,0.703,100,215,25,34,0,1,0,*3/H
264,Wander Franco#,22,TBR,AL,112,491,442,65,124,23,6,17,58,30,10,42,69,0.281,0.344,0.475,0.819,127,210,18,3,0,4,3,*6/HD
265,Adam Frazier*,31,BAL,AL,141,455,412,59,99,21,2,13,60,11,4,32,68,0.24,0.3,0.396,0.696,94,163,4,4,4,2,0,*4H/97D
266,Clint Frazier,28,CHW,AL,33,76,66,10,13,1,1,0,3,4,2,10,23,0.197,0.303,0.242,0.545,54,16,0,0,0,0,0,9H/78
267,Freddie Freeman*,33,LAD,NL,161,730,637,131,211,59,2,29,102,23,1,72,121,0.331,0.41,0.567,0.976,162,361,14,16,0,5,12,*3
268,Tyler Freeman,24,CLE,AL,64,168,153,20,37,7,0,4,18,5,0,10,30,0.242,0.295,0.366,0.661,83,56,3,2,2,1,0,5H46D/37
269,Sal Frelick*,23,MIL,NL,57,223,191,29,47,9,1,3,24,7,0,28,37,0.246,0.341,0.351,0.692,89,67,2,1,0,3,0,98/HD7
270,Luis Frías,25,ARI,NL,1,0,0,0,0,0,0,0,0,0,0,0,0,,,,,,0,0,0,0,0,0,1
271,TJ Friedl*,27,CIN,NL,138,556,488,73,136,22,8,18,66,27,6,47,90,0.279,0.352,0.467,0.819,117,228,0,10,8,3,1,*87H/9D
272,David Fry,27,CLE,AL,57,113,101,12,24,6,0,4,15,2,0,8,30,0.238,0.319,0.416,0.734,102,42,3,4,0,0,0,23H/9D715
273,Shintaro Fujinami,29,TOT,AL,1,0,0,0,0,0,0,0,0,0,0,0,0,,,,,,0,0,0,0,0,0,1
274,Shintaro Fujinami,29,BAL,AL,1,0,0,0,0,0,0,0,0,0,0,0,0,,,,,,0,0,0,0,0,0,1
275,Michael Fulmer,30,CHC,NL,2,1,1,0,0,0,0,0,0,0,0,0,1,0,0,0,0,-100,0,0,0,0,0,0,1
276,Cam Gallagher,30,CLE,AL,56,149,143,6,18,6,0,0,7,0,0,4,46,0.126,0.154,0.168,0.322,-10,24,3,1,0,1,0,2
277,Joey Gallo*,29,MIN,AL,111,332,282,39,50,9,1,21,40,1,1,48,142,0.177,0.301,0.44,0.741,101,124,3,2,0,0,1,37H89/D
278,Ben Gamel*,31,SDP,NL,6,15,15,2,3,1,0,0,2,0,0,0,2,0.2,0.2,0.267,0.467,28,4,0,0,0,0,0,/7HD9
279,Adolis García,30,TEX,AL,148,632,555,108,136,29,0,39,107,9,1,65,175,0.245,0.328,0.508,0.836,127,282,12,6,0,6,0,*9/8DH
280,Avisaíl García,32,MIA,NL,37,118,108,8,20,3,1,3,12,2,0,6,39,0.185,0.241,0.315,0.556,48,34,1,2,0,0,1,97/HD8
281,Luis García Jr.*,23,WSN,NL,122,482,447,61,119,18,4,9,50,9,4,27,60,0.266,0.304,0.385,0.688,91,172,10,0,1,7,1,*4H
282,Maikel Garcia,23,KCR,AL,123,515,464,59,126,20,4,4,50,23,7,38,115,0.272,0.323,0.358,0.681,86,166,9,2,1,10,0,56/D4H
283,Kyle Garlick,31,MIN,AL,14,30,28,2,5,1,0,2,4,0,0,2,11,0.179,0.233,0.429,0.662,77,12,0,0,0,0,0,/9H7D
284,Stone Garrett,27,WSN,NL,89,271,234,40,63,17,0,9,40,3,1,26,82,0.269,0.343,0.457,0.801,122,107,6,3,0,5,0,7H9/D
285,Mitch Garver,32,TEX,AL,87,344,296,45,80,11,0,19,50,0,0,44,82,0.27,0.37,0.5,0.87,138,148,6,3,0,0,1,D2/H3
286,Zack Gelof,23,OAK,AL,69,300,270,40,72,20,1,14,32,14,2,26,82,0.267,0.337,0.504,0.84,134,136,5,3,0,1,1,4
287,Ian Gibaut,29,CIN,NL,1,0,0,0,0,0,0,0,0,0,0,0,0,,,,,,0,0,0,0,0,0,1
288,Kyle Gibson,35,BAL,AL,1,0,0,0,0,0,0,0,0,0,0,0,0,,,,,,0,0,0,0,0,0,1
289,Logan Gillaspie,26,BAL,AL,1,0,0,0,0,0,0,0,0,0,0,0,0,,,,,,0,0,0,0,0,0,1
290,Andrés Giménez*,24,CLE,AL,153,616,557,76,140,27,5,15,62,30,6,32,112,0.251,0.314,0.399,0.712,97,222,10,20,4,3,3,*4/H
291,Kevin Ginkel*,29,ARI,NL,1,0,0,0,0,0,0,0,0,0,0,0,0,,,,,,0,0,0,0,0,0,1
292,Paul Goldschmidt,35,STL,NL,154,687,593,89,159,31,0,25,80,11,2,87,161,0.268,0.363,0.447,0.81,119,265,12,3,0,3,6,*3D
293,Yan Gomes,35,CHC,NL,116,419,382,44,102,20,2,10,63,1,0,21,81,0.267,0.315,0.408,0.723,95,156,9,9,0,7,1,2DH
294,Nick Gonzales,24,PIT,NL,35,128,115,12,24,8,1,2,13,0,1,6,36,0.209,0.268,0.348,0.616,67,40,0,4,1,2,0,4/6H
295,Oscar González,25,CLE,AL,54,180,173,15,37,7,2,2,12,0,0,5,46,0.214,0.239,0.312,0.551,52,54,2,1,0,1,0,9D/H7
296,Romy Gonzalez,26,CHW,AL,44,97,93,11,18,4,2,3,14,7,0,2,36,0.194,0.208,0.376,0.585,56,35,0,0,1,1,0,4H/9D7658
297,Victor González*,27,LAD,NL,2,0,0,0,0,0,0,0,0,0,0,0,0,,,,,,0,0,0,0,0,0,1
298,Hunter Goodman,23,COL,NL,23,77,70,6,14,4,3,1,17,1,0,5,24,0.2,0.247,0.386,0.632,62,27,2,0,0,2,0,9/3DH
299,Nick Gordon*,27,MIN,AL,34,93,91,13,16,5,1,2,7,0,0,1,11,0.176,0.185,0.319,0.503,35,29,1,0,1,0,0,874H/6
300,Nolan Gorman*,23,STL,NL,119,464,406,59,96,17,0,27,76,7,2,53,148,0.236,0.328,0.478,0.805,115,194,5,3,0,2,1,4D5H
301,Yasmani Grandal#,34,CHW,AL,118,405,363,33,85,14,0,8,33,0,0,36,86,0.234,0.309,0.339,0.647,79,123,11,4,0,2,1,2HD/3
302,Brusdar Graterol,24,LAD,NL,1,0,0,0,0,0,0,0,0,0,0,0,0,,,,,,0,0,0,0,0,0,1
303,Kendall Graveman,32,TOT,AL,1,0,0,0,0,0,0,0,0,0,0,0,0,,,,,,0,0,0,0,0,0,1
304,Kendall Graveman,32,HOU,AL,1,0,0,0,0,0,0,0,0,0,0,0,0,,,,,,0,0,0,0,0,0,1
305,Jon Gray,31,TEX,AL,1,0,0,0,0,0,0,0,0,0,0,0,0,,,,,,0,0,0,0,0,0,1
306,Tristan Gray*,27,TBR,AL,2,5,5,1,2,0,0,1,1,0,0,0,0,0.4,0.4,1,1.4,274,5,0,0,0,0,0,/36
307,Riley Greene*,22,DET,AL,99,416,378,51,109,19,4,11,37,7,0,35,114,0.288,0.349,0.447,0.796,117,169,7,1,0,2,0,8/D79H
308,Zack Greinke,39,KCR,AL,1,0,0,0,0,0,0,0,0,0,0,0,0,,,,,,0,0,0,0,0,0,1
309,Randal Grichuk,31,TOT,MLB,118,471,434,65,116,31,2,16,44,2,2,29,96,0.267,0.321,0.459,0.779,104,199,11,6,0,2,2,798D/H
310,Randal Grichuk,31,COL,NL,64,263,240,40,74,19,1,8,27,2,2,18,51,0.308,0.365,0.496,0.861,123,119,6,4,0,1,2,987D/H
311,Randal Grichuk,31,LAA,AL,54,208,194,25,42,12,1,8,17,0,0,11,45,0.216,0.264,0.412,0.677,80,80,5,2,0,1,0,7/H8D
312,Trent Grisham*,26,SDP,NL,153,555,469,67,93,31,1,13,50,15,3,75,154,0.198,0.315,0.352,0.666,84,165,7,5,4,1,0,*8/H
313,Vaughn Grissom,22,ATL,NL,23,80,75,5,21,3,1,0,9,0,1,2,15,0.28,0.313,0.347,0.659,78,26,2,2,0,1,0,6/4H
314,Robbie Grossman#,33,TEX,AL,115,420,353,56,84,23,1,10,49,1,0,57,98,0.238,0.34,0.394,0.734,103,139,8,2,0,8,0,7D9H
315,Vladimir Guerrero Jr.,24,TOR,AL,156,682,602,78,159,30,0,26,94,5,3,67,100,0.264,0.345,0.444,0.788,116,267,23,9,0,4,5,*3D/H
316,Luis Guillorme*,28,NYM,NL,54,120,107,12,24,6,1,1,9,0,0,10,28,0.224,0.288,0.327,0.615,71,35,4,0,2,1,1,45/H61
317,Lourdes Gurriel Jr.,29,ARI,NL,145,592,551,65,144,35,2,24,82,5,0,33,103,0.261,0.309,0.463,0.772,109,255,20,6,0,2,1,7D/H3
318,Yuli Gurriel,39,MIA,NL,108,329,298,32,73,16,3,4,27,4,0,26,44,0.245,0.304,0.359,0.663,77,107,13,1,0,4,3,3H/D
319,Dalton Guthrie,27,PHI,NL,23,28,24,4,4,1,0,0,0,0,0,3,7,0.167,0.286,0.208,0.494,38,5,0,1,0,0,0,7/8H95
320,Eric Haase,30,TOT,AL,89,293,274,22,55,8,1,4,26,4,1,17,81,0.201,0.247,0.281,0.528,45,77,11,0,1,1,1,27H/D9
321,Eric Haase,30,DET,AL,86,282,264,22,53,8,1,4,26,3,1,16,78,0.201,0.246,0.284,0.53,45,75,10,0,1,1,1,27H/D9
322,Eric Haase,30,CLE,AL,3,11,10,0,2,0,0,0,0,1,0,1,3,0.2,0.273,0.2,0.473,35,2,1,0,0,0,0,/2
323,Josh Hader*,29,SDP,NL,1,0,0,0,0,0,0,0,0,0,0,0,0,,,,,,0,0,0,0,0,0,1
324,Sam Haggerty#,29,SEA,AL,52,108,91,13,23,3,1,1,5,10,1,15,17,0.253,0.364,0.341,0.705,103,31,0,1,1,0,0,H7D4/389
325,Darick Hall*,27,PHI,NL,18,56,54,2,9,1,0,1,3,0,0,2,18,0.167,0.196,0.241,0.437,19,13,2,0,0,0,0,3/H
326,DL Hall*,24,BAL,AL,1,0,0,0,0,0,0,0,0,0,0,0,0,,,,,,0,0,0,0,0,0,1
327,Billy Hamilton,32,CHW,AL,3,2,2,2,0,0,0,0,0,2,0,0,1,0,0,0,0,-100,0,0,0,0,0,0,/H9
328,Caleb Hamilton,28,BOS,AL,4,6,5,0,0,0,0,0,0,0,0,1,5,0,0.167,0,0.167,-49,0,0,0,0,0,0,/2
329,David Hamilton*,25,BOS,AL,15,39,33,2,4,2,0,0,0,2,1,6,10,0.121,0.256,0.182,0.438,22,6,1,0,0,0,0,6/4H
330,Garrett Hampson,28,MIA,NL,98,252,221,30,61,12,1,3,23,5,0,23,67,0.276,0.349,0.38,0.729,96,84,3,3,3,2,0,68H947/5D
331,Mitch Haniger,32,SFG,NL,61,229,211,27,44,13,1,6,28,1,0,15,65,0.209,0.266,0.365,0.631,74,77,7,2,0,1,0,79/HD
332,Ian Happ#,28,CHC,NL,158,691,580,86,144,35,4,21,84,14,3,99,153,0.248,0.36,0.431,0.791,115,250,12,6,0,6,2,*7/DH
333,Bryce Harper*,30,PHI,NL,126,546,457,84,134,29,1,21,72,11,3,80,119,0.293,0.401,0.499,0.9,144,228,10,5,0,4,8,D3/H
334,Michael Harris II*,22,ATL,NL,138,539,505,76,148,33,3,18,57,20,4,25,101,0.293,0.331,0.477,0.808,115,241,8,5,1,3,1,*8/H
335,Josh Harrison,35,PHI,NL,40,114,103,8,21,3,0,2,10,0,0,3,20,0.204,0.263,0.291,0.554,51,30,2,6,0,2,0,5H4/719D
336,Adam Haseley*,27,CHW,AL,28,39,36,6,8,2,0,0,2,1,0,3,8,0.222,0.282,0.278,0.56,56,10,1,0,0,0,0,9/H87D
337,Ke'Bryan Hayes,26,PIT,NL,124,525,494,65,134,31,7,15,61,10,6,28,104,0.271,0.309,0.453,0.762,105,224,11,0,0,3,1,*5/DH
338,Austin Hays,27,BAL,AL,144,566,520,76,143,36,2,16,67,5,1,38,141,0.275,0.325,0.444,0.769,114,231,11,3,0,5,1,*7/89HD
339,Taylor Hearn*,28,TOT,MLB,1,0,0,0,0,0,0,0,0,0,0,0,0,,,,,,0,0,0,0,0,0,1
340,Taylor Hearn*,28,TOT,AL,1,0,0,0,0,0,0,0,0,0,0,0,0,,,,,,0,0,0,0,0,0,1
341,Taylor Hearn*,28,TEX,AL,1,0,0,0,0,0,0,0,0,0,0,0,0,,,,,,0,0,0,0,0,0,/1
342,Jonathan Heasley,26,KCR,AL,1,0,0,0,0,0,0,0,0,0,0,0,0,,,,,,0,0,0,0,0,0,1
343,Austin Hedges,30,TOT,MLB,81,212,185,14,34,5,0,1,16,1,0,11,47,0.184,0.234,0.227,0.461,28,42,7,2,10,3,0,2/1DH
344,Austin Hedges,30,PIT,NL,65,187,161,13,29,5,0,1,14,1,0,11,39,0.18,0.237,0.23,0.467,29,37,7,2,9,3,0,2
345,Austin Hedges,30,TEX,AL,16,25,24,1,5,0,0,0,2,0,0,0,8,0.208,0.208,0.208,0.417,16,5,0,0,1,0,0,2/1DH
346,Jonah Heim#,28,TEX,AL,131,501,457,61,118,28,0,18,95,2,0,40,96,0.258,0.317,0.438,0.755,106,200,10,1,0,3,2,*2/DH
347,Tyler Heineman#,32,TOT,MLB,22,47,38,5,9,1,1,0,3,1,0,8,8,0.237,0.383,0.316,0.699,97,12,0,1,0,0,0,2/H
348,Tyler Heineman#,32,PIT,NL,3,10,9,1,1,0,0,0,0,1,0,1,1,0.111,0.2,0.111,0.311,-11,1,0,0,0,0,0,/2
349,Tyler Heineman#,32,TOR,AL,19,37,29,4,8,1,1,0,3,0,0,7,7,0.276,0.432,0.379,0.812,129,11,0,1,0,0,0,2/H
350,Ryan Helsley,28,STL,NL,1,0,0,0,0,0,0,0,0,0,0,0,0,,,,,,0,0,0,0,0,0,1
351,Gunnar Henderson*,22,BAL,AL,150,622,560,100,143,29,9,28,82,10,3,56,159,0.255,0.325,0.489,0.814,125,274,10,3,0,3,1,56D/H
352,David Hensley,27,HOU,AL,30,94,84,12,10,1,0,1,3,1,0,10,35,0.119,0.213,0.167,0.379,8,14,0,0,0,0,0,D/4H375
353,Carlos Hernández,26,KCR,AL,1,0,0,0,0,0,0,0,0,0,0,0,0,,,,,,0,0,0,0,0,0,1
354,Enrique Hernández,31,TOT,MLB,140,508,465,57,110,23,0,11,61,4,1,34,97,0.237,0.289,0.357,0.646,74,166,17,3,0,6,1,648573H/9
355,Enrique Hernández,31,BOS,AL,86,323,297,38,66,11,0,6,31,3,1,22,68,0.222,0.279,0.32,0.599,62,95,11,2,0,2,0,648/H
356,Enrique Hernández,31,LAD,NL,54,185,168,19,44,12,0,5,30,1,0,12,29,0.262,0.308,0.423,0.731,96,71,6,1,0,4,1,45736/8H9
357,Teoscar Hernández,30,SEA,AL,160,678,625,70,161,29,2,26,93,7,2,38,211,0.258,0.305,0.435,0.741,107,272,6,8,0,7,2,*9D/H
358,Yonny Hernández#,25,LAD,NL,14,27,22,5,3,1,0,0,4,0,0,2,8,0.136,0.231,0.182,0.413,15,4,0,1,1,1,0,/4H51
359,Iván Herrera,23,STL,NL,13,44,37,6,11,2,0,0,4,0,0,5,11,0.297,0.409,0.351,0.76,110,13,1,2,0,0,0,2
360,José Herrera#,26,ARI,NL,41,120,101,15,21,5,0,0,7,1,0,13,30,0.208,0.296,0.257,0.553,55,26,2,0,5,1,0,2/1H
361,Jason Heyward*,33,LAD,NL,124,377,334,56,90,23,0,15,40,2,2,34,64,0.269,0.34,0.473,0.813,118,158,7,3,0,3,1,*98H/73D
362,Aaron Hicks#,33,TOT,AL,93,312,269,44,68,9,1,8,36,6,0,42,69,0.253,0.353,0.383,0.735,106,103,3,0,0,1,1,879H/D
363,Aaron Hicks#,33,NYY,AL,28,76,69,9,13,2,0,1,5,0,0,7,20,0.188,0.263,0.261,0.524,45,18,0,0,0,0,0,7/8HD
364,Aaron Hicks#,33,BAL,AL,65,236,200,35,55,7,1,7,31,6,0,35,49,0.275,0.381,0.425,0.806,127,85,3,0,0,1,1,897/DH
365,Kyle Higashioka,33,NYY,AL,92,260,242,24,57,13,0,10,34,0,0,14,74,0.236,0.274,0.413,0.687,85,100,5,0,1,3,0,2/HD
366,Derek Hill,27,WSN,NL,13,50,47,3,8,1,0,0,1,1,0,3,11,0.17,0.22,0.191,0.411,17,9,0,0,0,0,0,8
367,Sam Hilliard*,29,ATL,NL,40,78,72,15,17,5,0,3,6,4,0,6,33,0.236,0.295,0.431,0.725,93,31,1,0,0,0,0,8H/7D9
368,Bryan Hoeing,26,MIA,NL,1,0,0,0,0,0,0,0,0,0,0,0,0,,,,,,0,0,0,0,0,0,1
369,Nico Hoerner,26,CHC,NL,150,688,619,98,175,27,4,9,68,43,7,49,83,0.283,0.346,0.383,0.729,99,237,12,14,1,5,0,*46/DH
370,TJ Hopkins,26,CIN,NL,25,44,41,7,7,0,0,0,1,1,0,2,17,0.171,0.227,0.171,0.398,9,7,1,1,0,0,0,H/9D7
371,Spencer Horwitz*,25,TOR,AL,15,44,39,5,10,2,0,1,7,0,0,4,12,0.256,0.341,0.385,0.726,101,15,1,1,0,0,0,/D3H
372,Eric Hosmer*,33,CHC,NL,31,100,94,7,22,3,0,2,14,0,0,6,25,0.234,0.28,0.33,0.61,66,31,5,0,0,0,0,3D/H
373,Sam Huff,25,TEX,AL,21,45,43,5,11,2,0,3,6,0,0,2,17,0.256,0.289,0.512,0.801,115,22,1,0,0,0,0,2/D3H
374,Cooper Hummel#,28,SEA,AL,10,26,23,2,2,1,0,0,0,1,0,2,9,0.087,0.192,0.13,0.323,-5,3,1,1,0,0,0,/DH79
375,Tommy Hunter,36,NYM,NL,2,0,0,0,0,0,0,0,0,0,0,0,0,,,,,,0,0,0,0,0,0,1
376,Andy Ibáñez,30,DET,AL,114,383,356,42,94,23,2,11,41,1,0,24,69,0.264,0.312,0.433,0.744,102,154,7,1,1,1,0,4H57/93D
377,Jonathan India,26,CIN,NL,119,529,454,78,111,23,0,17,61,14,2,52,109,0.244,0.338,0.407,0.746,99,185,13,16,0,7,0,4D/H
378,Kyle Isbel*,26,KCR,AL,91,313,292,45,70,22,2,5,34,7,1,17,59,0.24,0.282,0.38,0.662,78,111,5,1,1,2,0,8/HD
379,Drey Jameson,25,ARI,NL,1,0,0,0,0,0,0,0,0,0,0,0,0,,,,,,0,0,0,0,0,0,1
380,Travis Jankowski*,32,TEX,AL,107,287,247,34,65,12,1,1,30,19,1,35,42,0.263,0.357,0.332,0.689,93,82,6,2,1,2,0,7H98/D
381,Danny Jansen,28,TOR,AL,86,301,268,38,61,15,0,17,53,0,0,23,62,0.228,0.312,0.474,0.786,114,127,3,10,0,0,1,2H/D
382,Kenley Jansen#,35,BOS,AL,1,0,0,0,0,0,0,0,0,0,0,0,0,,,,,,0,0,0,0,0,0,1
383,Bryce Jarvis*,25,ARI,NL,1,0,0,0,0,0,0,0,0,0,0,0,0,,,,,,0,0,0,0,0,0,1
384,Ryan Jeffers,26,MIN,AL,96,335,286,46,79,15,2,14,43,3,2,33,93,0.276,0.369,0.49,0.858,134,140,6,10,4,2,1,2H/D
385,Eloy Jiménez,26,CHW,AL,120,489,456,50,124,23,0,18,64,0,0,30,93,0.272,0.317,0.441,0.758,106,201,13,1,0,2,2,D9/H
386,Joe Jiménez,28,ATL,NL,1,0,0,0,0,0,0,0,0,0,0,0,0,,,,,,0,0,0,0,0,0,1
387,Connor Joe,30,PIT,NL,133,472,413,63,102,31,4,11,42,3,5,50,110,0.247,0.339,0.421,0.76,107,174,4,8,0,1,0,937H/D
388,Bryce Johnson#,27,SFG,NL,30,48,43,7,7,1,0,1,3,3,0,4,15,0.163,0.229,0.256,0.485,35,11,0,0,0,1,0,8/H7
389,Pierce Johnson,32,TOT,NL,1,0,0,0,0,0,0,0,0,0,0,0,0,,,,,,0,0,0,0,0,0,1
390,Pierce Johnson,32,COL,NL,1,0,0,0,0,0,0,0,0,0,0,0,0,,,,,,0,0,0,0,0,0,1
391,Jahmai Jones,25,MIL,NL,7,11,10,2,2,1,0,0,3,1,0,1,5,0.2,0.273,0.3,0.573,56,3,0,0,0,0,0,/DH4
392,Nolan Jones*,25,COL,NL,106,424,367,60,109,22,4,20,62,20,4,53,126,0.297,0.389,0.542,0.931,141,199,1,3,0,1,3,793/8H5
393,Aaron Judge,31,NYY,AL,106,458,367,79,98,16,0,37,75,3,1,88,130,0.267,0.406,0.613,1.019,175,225,5,0,0,3,9,9D8/H
394,Edouard Julien*,24,MIN,AL,109,408,338,60,89,16,1,16,37,3,0,64,128,0.263,0.381,0.459,0.839,130,155,8,2,1,3,0,4DH/3
395,Corey Julks,27,HOU,AL,93,323,298,35,73,14,0,6,33,15,3,22,75,0.245,0.297,0.352,0.65,79,105,6,1,0,2,0,7DH/9
396,Josh Jung,25,TEX,AL,122,515,478,75,127,25,1,23,70,1,3,30,151,0.266,0.315,0.467,0.781,113,223,7,5,0,2,0,*5/H
397,Jakob Junis,30,SFG,NL,1,0,0,0,0,0,0,0,0,0,0,0,0,,,,,,0,0,0,0,0,0,1
398,Connor Kaiser,26,COL,NL,3,4,4,0,0,0,0,0,0,0,0,0,2,0,0,0,0,-100,0,0,0,0,0,0,/6H
399,Karl Kauffmann,25,COL,NL,1,0,0,0,0,0,0,0,0,0,0,0,0,,,,,,0,0,0,0,0,0,1
400,Anthony Kay*,28,TOT,NL,4,0,0,0,0,0,0,0,0,0,0,0,0,,,,,,0,0,0,0,0,0,1
401,Anthony Kay*,28,CHC,NL,4,0,0,0,0,0,0,0,0,0,0,0,0,,,,,,0,0,0,0,0,0,1
402,Jarred Kelenic*,23,SEA,AL,105,416,372,44,94,25,2,11,49,13,5,41,132,0.253,0.327,0.419,0.746,110,156,6,1,0,2,4,79/8HD
403,Carson Kelly,28,TOT,MLB,50,151,136,13,28,5,0,2,13,1,0,14,40,0.206,0.278,0.287,0.565,56,39,2,0,0,1,0,2/1DH
404,Carson Kelly,28,ARI,NL,32,92,84,6,19,3,0,1,6,1,0,7,23,0.226,0.283,0.298,0.58,60,25,2,0,0,1,0,1-Feb
405,Carson Kelly,28,DET,AL,18,59,52,7,9,2,0,1,7,0,0,7,17,0.173,0.271,0.269,0.54,50,14,0,0,0,0,0,2/DH1
406,Tony Kemp*,31,OAK,AL,124,419,359,42,75,13,3,5,27,15,4,44,40,0.209,0.303,0.304,0.607,73,109,9,6,7,3,0,74H/D
407,Buddy Kennedy,24,ARI,NL,10,29,24,1,4,1,0,0,1,0,0,4,6,0.167,0.31,0.208,0.519,47,5,0,1,0,0,0,/5HD4
408,Max Kepler*,30,MIN,AL,130,491,438,72,114,22,2,24,66,1,1,45,106,0.26,0.332,0.484,0.816,121,212,9,4,0,4,0,*9H/D
409,Grae Kessinger,25,HOU,AL,26,45,40,3,8,2,0,1,1,0,1,5,12,0.2,0.289,0.325,0.614,70,13,0,0,0,0,0,/H5643
410,Carter Kieboom,25,WSN,NL,27,94,87,12,18,2,0,4,11,0,0,6,27,0.207,0.266,0.368,0.634,75,32,2,1,0,0,0,5/HD
411,Kevin Kiermaier*,33,TOR,AL,129,408,370,58,98,21,6,8,36,14,1,29,86,0.265,0.322,0.419,0.741,103,155,9,4,1,4,0,*8/HD
412,Ha-Seong Kim,27,SDP,NL,152,626,538,84,140,23,0,17,60,38,9,75,124,0.26,0.351,0.398,0.749,107,214,7,3,5,5,1,456/HD
413,Isiah Kiner-Falefa,28,NYY,AL,113,361,326,39,79,12,1,6,37,14,5,28,70,0.242,0.306,0.34,0.646,78,111,12,3,1,3,0,875H/9146
414,John King*,28,TOT,MLB,1,0,0,0,0,0,0,0,0,0,0,0,0,,,,,,0,0,0,0,0,0,1
415,John King*,28,TEX,AL,1,0,0,0,0,0,0,0,0,0,0,0,0,,,,,,0,0,0,0,0,0,1
416,Alex Kirilloff*,25,MIN,AL,88,319,281,35,76,14,1,11,41,1,0,28,80,0.27,0.348,0.445,0.793,117,125,2,7,0,3,1,3H97/D
417,Alejandro Kirk,24,TOR,AL,123,422,372,34,93,16,0,8,43,0,0,42,45,0.25,0.334,0.358,0.692,92,133,21,6,0,2,1,2HD
418,Heston Kjerstad*,24,BAL,AL,13,33,30,3,7,1,0,2,3,0,0,2,10,0.233,0.281,0.467,0.748,106,14,0,0,0,0,0,/DH79
419,Andrew Knizner,28,STL,NL,70,241,224,30,54,11,0,10,31,2,0,12,62,0.241,0.288,0.424,0.712,90,95,8,3,1,1,0,2/H3D
420,Taylor Kohlwey*,28,SDP,NL,5,13,13,0,2,0,0,0,0,0,0,0,5,0.154,0.154,0.154,0.308,-14,2,0,0,0,0,0,/7DH9
421,Mark Kolozsvary,27,BAL,AL,1,0,0,0,0,0,0,0,0,0,0,0,0,,,,,,0,0,0,0,0,0,/2
422,Ryan Kreidler,25,DET,AL,11,18,18,2,2,0,0,0,0,0,0,0,7,0.111,0.111,0.111,0.222,-38,2,0,0,0,0,0,/456DH
423,Steven Kwan*,25,CLE,AL,158,718,638,93,171,36,7,5,54,21,3,70,75,0.268,0.34,0.37,0.71,98,236,9,3,1,6,2,*7/DH
424,Tommy La Stella*,34,SEA,AL,12,24,21,2,4,1,0,0,2,0,0,3,5,0.19,0.292,0.238,0.53,54,5,0,0,0,0,0,/DH
425,Jake Lamb*,32,LAA,AL,18,54,51,7,11,1,0,2,5,0,0,3,15,0.216,0.259,0.353,0.612,65,18,1,0,0,0,0,3/H1
426,Alex Lange,27,DET,AL,1,0,0,0,0,0,0,0,0,0,0,0,0,,,,,,0,0,0,0,0,0,1
427,Shea Langeliers,25,OAK,AL,135,490,448,52,92,19,4,22,63,3,2,34,143,0.205,0.268,0.413,0.681,89,185,10,5,1,2,2,*2/DH
428,Trevor Larnach*,26,MIN,AL,58,212,183,26,39,7,3,8,40,1,1,27,72,0.213,0.311,0.415,0.727,98,76,2,0,0,2,1,79/HD
429,Ramón Laureano,28,TOT,AL,105,404,361,46,81,18,4,9,35,12,1,33,114,0.224,0.304,0.371,0.676,89,134,9,9,0,1,0,98/HD
430,Ramón Laureano,28,OAK,AL,64,246,225,24,48,10,3,6,21,8,0,17,73,0.213,0.28,0.364,0.645,81,82,5,4,0,0,0,9/H8D
431,Ramón Laureano,28,CLE,AL,41,158,136,22,33,8,1,3,14,4,1,16,41,0.243,0.342,0.382,0.724,102,52,4,5,0,1,0,98/HD
432,Derek Law,32,CIN,NL,1,0,0,0,0,0,0,0,0,0,0,0,0,,,,,,0,0,0,0,0,0,1
433,Jordan Lawlar,20,ARI,NL,14,34,31,2,4,0,0,0,0,1,1,2,11,0.129,0.206,0.129,0.335,-5,4,0,1,0,0,0,6/H
434,Justin Lawrence,28,COL,NL,1,0,0,0,0,0,0,0,0,0,0,0,0,,,,,,0,0,0,0,0,0,1
435,Korey Lee,24,CHW,AL,24,70,65,4,5,1,0,1,3,0,0,5,20,0.077,0.143,0.138,0.281,-22,9,0,0,0,0,0,2/DH
436,Mark Leiter Jr.,32,CHC,NL,1,0,0,0,0,0,0,0,0,0,0,0,0,,,,,,0,0,0,0,0,0,1
437,DJ LeMahieu,34,NYY,AL,136,562,497,55,121,22,3,15,44,2,2,60,125,0.243,0.327,0.39,0.718,96,194,14,3,0,2,2,53/4HD
438,Sandy León#,34,TEX,AL,21,44,41,4,6,2,0,0,4,0,0,1,20,0.146,0.186,0.195,0.381,6,8,2,1,1,0,0,2/1H
439,Josh Lester*,28,BAL,AL,11,23,22,0,4,0,0,0,4,0,0,1,7,0.182,0.217,0.182,0.399,15,4,1,0,0,0,0,/3HD519
440,Kyle Lewis,27,ARI,NL,16,54,51,2,8,2,0,1,2,0,0,3,21,0.157,0.204,0.255,0.459,25,13,0,0,0,0,0,D/H7
441,Royce Lewis,24,MIN,AL,58,239,217,36,67,7,0,15,52,6,1,20,55,0.309,0.372,0.548,0.921,150,119,5,2,0,0,0,5/DH6
442,Francisco Lindor#,29,NYM,NL,160,687,602,108,153,33,2,31,98,31,4,66,137,0.254,0.336,0.47,0.806,121,283,8,12,0,7,1,*6/DH
443,Andre Lipcius,25,DET,AL,13,38,35,3,10,1,0,1,4,0,0,3,8,0.286,0.342,0.4,0.742,103,14,1,0,0,0,0,5/HD
444,Luke Little*,22,CHC,NL,1,0,0,0,0,0,0,0,0,0,0,0,0,,,,,,0,0,0,0,0,0,/1
445,Tim Locastro,30,NYM,NL,43,67,56,13,13,3,0,2,3,6,0,3,22,0.232,0.338,0.393,0.731,102,22,0,6,2,0,0,7H/8D9
446,Nick Loftin,24,KCR,AL,19,68,62,10,20,5,1,0,10,2,0,4,12,0.323,0.368,0.435,0.803,118,27,0,1,0,1,0,/345DH
447,Evan Longoria,37,ARI,NL,74,237,211,25,47,9,0,11,28,0,0,23,73,0.223,0.295,0.422,0.717,94,89,8,0,0,3,0,5DH
448,Alejo López#,27,CIN,NL,1,2,2,1,1,1,0,0,1,0,0,0,1,0.5,0.5,1,1.5,288,2,0,0,0,0,0,/4
449,Irving Lopez*,28,STL,NL,5,12,11,0,0,0,0,0,1,0,0,0,5,0,0,0,0,-100,0,0,0,0,1,0,/54H
450,Nicky Lopez*,28,TOT,MLB,93,262,225,32,52,8,3,1,25,6,2,26,40,0.231,0.326,0.307,0.632,74,69,3,6,4,1,0,45H6/371D
451,Nicky Lopez*,28,KCR,AL,68,190,160,19,34,5,3,0,13,4,2,21,30,0.213,0.323,0.281,0.604,67,45,3,5,4,0,0,45/H637D
452,Nicky Lopez*,28,ATL,NL,25,72,65,13,18,3,0,1,12,2,0,5,10,0.277,0.333,0.369,0.703,90,24,0,1,0,1,0,4/6351H
453,Brandon Lowe*,28,TBR,AL,109,436,377,58,87,15,1,21,68,7,0,50,119,0.231,0.328,0.443,0.771,114,167,8,6,0,3,0,4/HD
454,Josh Lowe*,25,TBR,AL,135,501,466,71,136,33,2,20,83,32,3,31,124,0.292,0.335,0.5,0.835,130,233,6,1,0,3,2,9DH8/7
455,Nathaniel Lowe*,27,TEX,AL,161,724,623,89,163,38,3,17,82,1,0,93,165,0.262,0.36,0.414,0.775,114,258,22,5,0,3,2,*3
456,Marco Luciano,21,SFG,NL,14,45,39,4,9,3,0,0,0,1,0,6,17,0.231,0.333,0.308,0.641,81,12,0,0,0,0,0,6/D
457,Nathan Lukes*,28,TOR,AL,29,31,26,4,5,1,1,0,2,0,0,4,9,0.192,0.29,0.308,0.598,66,8,1,0,0,1,0,9H/D78
458,Jordan Luplow,29,TOT,AL,39,90,77,11,16,3,0,2,5,2,0,12,27,0.208,0.322,0.325,0.647,80,25,1,1,0,0,1,7H/9D381
459,Jordan Luplow,29,TOR,AL,7,17,14,1,3,0,0,0,1,0,0,3,8,0.214,0.353,0.214,0.567,63,3,0,0,0,0,1,/9HD
460,Jordan Luplow,29,MIN,AL,32,73,63,10,13,3,0,2,4,2,0,9,19,0.206,0.315,0.349,0.664,83,22,1,1,0,0,0,7H/3D981
461,Manny Machado,30,SDP,NL,138,601,543,75,140,21,0,30,91,3,2,50,109,0.258,0.319,0.462,0.782,113,251,20,2,0,6,1,5D
462,Nick Madrigal,26,CHC,NL,92,294,270,34,71,16,1,2,28,10,2,10,24,0.263,0.311,0.352,0.663,81,95,3,9,5,0,0,5H4/D
463,Bligh Madris*,27,HOU,AL,12,30,26,4,4,1,0,0,0,0,0,4,7,0.154,0.267,0.192,0.459,31,5,0,0,0,0,0,/HD371
464,Drew Maggi,34,PIT,NL,3,6,6,1,2,1,0,0,1,0,0,0,1,0.333,0.333,0.5,0.833,124,3,0,0,0,0,0,/5HD
465,Luke Maile,32,CIN,NL,74,199,179,17,42,10,0,6,25,2,1,14,49,0.235,0.308,0.391,0.699,86,70,8,5,1,0,0,2/1HD
466,Martín Maldonado,36,HOU,AL,116,407,362,33,69,12,0,15,36,0,0,30,139,0.191,0.258,0.348,0.606,66,126,10,3,12,0,0,*2/1
467,Trey Mancini,31,CHC,NL,79,263,235,31,55,12,0,4,28,0,0,21,78,0.234,0.299,0.336,0.635,73,79,5,2,0,3,1,3DH/9
468,Tucupita Marcano*,23,PIT,NL,75,220,202,16,47,12,2,3,18,5,2,10,35,0.233,0.276,0.356,0.633,72,72,2,3,3,2,0,64H/5D
469,Manuel Margot,28,TBR,AL,99,336,311,39,82,21,1,4,38,9,3,18,55,0.264,0.31,0.376,0.686,91,117,6,4,0,3,0,89H
470,Jake Marisnick,32,TOT,MLB,46,83,76,10,18,3,2,2,10,2,3,3,21,0.237,0.28,0.408,0.688,86,31,4,2,1,1,0,8/H9D
471,Jake Marisnick,32,TOT,AL,42,77,71,10,16,3,2,2,10,2,2,3,21,0.225,0.263,0.408,0.672,81,29,4,1,1,1,0,8/9HD
472,Jake Marisnick,32,CHW,AL,9,2,2,1,0,0,0,0,0,0,0,0,1,0,0,0,0,-100,0,0,0,0,0,0,/98DH
473,Jake Marisnick,32,DET,AL,33,75,69,9,16,3,2,2,10,2,2,3,20,0.232,0.27,0.42,0.691,86,29,4,1,1,1,0,8/HD
474,Jake Marisnick,32,LAD,NL,4,6,5,0,2,0,0,0,0,0,1,0,0,0.4,0.5,0.4,0.9,150,2,0,1,0,0,0,/8H
475,Cade Marlowe*,26,SEA,AL,34,100,88,14,21,3,2,3,11,4,2,12,33,0.239,0.33,0.42,0.75,112,37,1,0,0,0,0,7/H8D9
476,Brandon Marsh*,25,PHI,NL,133,472,404,58,112,25,6,12,60,10,2,59,144,0.277,0.372,0.458,0.829,125,185,4,4,1,4,2,*87H/9D
477,Ketel Marte#,29,ARI,NL,150,650,569,94,157,26,9,25,82,8,2,71,109,0.276,0.358,0.485,0.844,129,276,16,5,0,5,2,*4/DH86
478,Noelvi Marte,21,CIN,NL,35,123,114,15,36,7,0,3,15,6,2,8,25,0.316,0.366,0.456,0.822,119,52,1,1,0,0,0,5/6HD4
479,Starling Marte,34,NYM,NL,86,341,315,38,78,7,1,5,28,24,4,16,69,0.248,0.301,0.324,0.625,74,102,8,8,2,0,1,9/H8
480,Chris Martin,37,BOS,AL,1,0,0,0,0,0,0,0,0,0,0,0,0,,,,,,0,0,0,0,0,0,1
481,J.D. Martinez,35,LAD,NL,113,479,432,61,117,27,2,33,103,1,0,34,149,0.271,0.321,0.572,0.893,135,247,11,2,0,9,1,*D/7H
482,J.P. Martínez*,27,TEX,AL,17,44,40,7,9,1,0,1,4,0,0,2,16,0.225,0.25,0.325,0.575,58,13,0,0,0,2,0,/H79D8
483,Seth Martinez,28,HOU,AL,1,0,0,0,0,0,0,0,0,0,0,0,0,,,,,,0,0,0,0,0,0,1
484,Nick Martini*,33,CIN,NL,29,79,72,10,19,3,1,6,16,0,0,5,15,0.264,0.329,0.583,0.912,138,42,1,2,0,0,0,7HD/39
485,Michael Massey*,25,KCR,AL,129,461,428,42,98,18,1,15,55,6,2,24,99,0.229,0.274,0.381,0.655,76,163,3,4,1,4,0,*4H/D
486,Miles Mastrobuoni*,27,CHC,NL,60,149,133,24,32,5,0,1,5,13,1,13,32,0.241,0.308,0.301,0.609,68,40,1,0,3,0,0,5H/4D9671
487,Jorge Mateo,28,BAL,AL,116,350,318,58,69,14,2,7,34,32,5,22,82,0.217,0.267,0.34,0.607,70,108,8,1,5,3,0,*6H/8D
488,Mark Mathias,28,TOT,NL,27,72,62,6,14,2,0,0,6,3,0,10,15,0.226,0.333,0.258,0.591,66,16,4,0,0,0,0,4/HD9
489,Mark Mathias,28,PIT,NL,22,62,52,5,12,2,0,0,4,3,0,10,11,0.231,0.355,0.269,0.624,75,14,3,0,0,0,0,4/HD9
490,Mark Mathias,28,SFG,NL,5,10,10,1,2,0,0,0,2,0,0,0,4,0.2,0.2,0.2,0.4,12,2,1,0,0,0,0,/4H
491,Nick Maton*,26,DET,AL,93,293,249,29,43,9,0,8,32,1,2,38,73,0.173,0.288,0.305,0.593,63,76,4,3,1,2,1,54HD/6
492,Phil Maton,30,HOU,AL,4,0,0,0,0,0,0,0,0,0,0,0,0,,,,,,0,0,0,0,0,0,1
493,Luis Matos,21,SFG,NL,76,253,228,24,57,13,1,2,14,3,0,20,33,0.25,0.319,0.342,0.661,85,78,3,3,2,0,0,897/HD
494,Ronny Mauricio#,22,NYM,NL,26,108,101,11,25,4,0,2,9,7,0,7,31,0.248,0.296,0.347,0.643,78,35,2,0,0,0,0,Apr-56
495,Tim Mayza*,31,TOR,AL,2,0,0,0,0,0,0,0,0,0,0,0,0,,,,,,0,0,0,0,0,0,1
496,James McArthur,26,KCR,AL,1,0,0,0,0,0,0,0,0,0,0,0,0,,,,,,0,0,0,0,0,0,1
497,James McCann,33,BAL,AL,69,226,207,25,46,14,0,6,26,3,1,9,57,0.222,0.269,0.377,0.646,79,78,5,5,3,2,0,2/DH31
498,Jake McCarthy*,25,ARI,NL,99,312,276,37,67,7,5,2,16,26,4,26,62,0.243,0.318,0.326,0.644,78,90,4,5,4,1,0,9H8/D
499,Chas McCormick,28,HOU,AL,115,457,403,59,110,17,2,22,70,19,6,40,117,0.273,0.353,0.489,0.842,130,197,3,11,1,2,0,*789/DH
500,Mason McCoy,28,TOR,AL,6,1,1,2,0,0,0,0,0,0,0,0,1,0,0,0,0,-100,0,0,0,0,0,0,/6H
501,Andrew McCutchen,36,PIT,NL,112,473,390,55,100,19,0,12,43,11,3,75,100,0.256,0.378,0.397,0.776,113,155,8,4,0,4,1,D/H9
502,Scott McGough,33,ARI,NL,2,0,0,0,0,0,0,0,0,0,0,0,0,,,,,,0,0,0,0,0,0,1
503,Reese McGuire*,28,BOS,AL,72,206,187,15,50,12,1,1,16,2,1,11,53,0.267,0.31,0.358,0.668,80,67,2,1,2,1,0,2H/D
504,Ryan McKenna,26,BAL,AL,88,139,122,23,31,7,0,2,18,5,0,9,40,0.254,0.316,0.361,0.677,91,44,4,3,3,2,0,98H7/D1
505,Billy McKinney*,28,NYY,AL,48,147,128,19,29,3,1,6,14,1,0,17,39,0.227,0.32,0.406,0.726,98,52,1,1,0,1,1,79/8H3
506,Zach McKinstry*,28,DET,AL,148,518,464,60,107,21,4,9,35,16,6,44,113,0.231,0.302,0.351,0.654,79,163,3,5,2,3,0,549H67/8D1
507,Matt McLain,23,CIN,NL,89,403,365,65,106,23,4,16,50,14,5,31,115,0.29,0.357,0.507,0.864,128,185,5,7,0,0,0,64/DH
508,Ryan McMahon*,28,COL,NL,152,627,555,80,133,31,3,23,70,5,5,68,198,0.24,0.322,0.431,0.753,95,239,19,1,0,3,2,*54/HD
509,Jeff McNeil*,31,NYM,NL,156,648,585,75,158,25,4,10,55,10,0,39,65,0.27,0.333,0.378,0.711,97,221,5,18,3,3,0,497/H836
510,Curtis Mead,22,TBR,AL,24,92,83,12,21,3,1,1,5,0,0,7,21,0.253,0.326,0.349,0.675,90,29,3,2,0,0,0,5/4DH6
511,Austin Meadows*,28,DET,AL,6,21,21,0,5,1,0,0,2,0,0,0,3,0.238,0.238,0.286,0.524,43,6,0,0,0,0,0,/7H9
512,Parker Meadows*,23,DET,AL,37,145,125,19,29,4,2,3,13,8,1,17,37,0.232,0.331,0.368,0.699,92,46,0,2,0,1,1,8/DH
513,Wade Meckler*,23,SFG,NL,20,64,56,6,13,1,0,0,4,0,0,6,25,0.232,0.328,0.25,0.578,65,14,0,2,0,0,0,8/H7
514,Francisco Mejia#,27,TBR,AL,50,160,150,22,34,11,0,5,19,0,1,6,38,0.227,0.258,0.4,0.658,81,60,2,1,1,2,0,2/H
515,MJ Melendez*,24,KCR,AL,148,602,533,65,125,29,5,16,56,6,4,62,170,0.235,0.316,0.398,0.713,93,212,4,3,0,4,2,*97D2/H3
516,Danny Mendick,29,NYM,NL,33,69,65,4,12,3,0,1,4,1,0,4,15,0.185,0.232,0.277,0.509,41,18,1,0,0,0,0,4/5H7D1
517,Joey Meneses,31,WSN,NL,154,657,611,71,168,36,1,13,89,0,0,38,130,0.275,0.321,0.401,0.722,101,245,15,5,0,3,0,*D3/H9
518,Óscar Mercado,28,STL,NL,20,32,31,3,9,3,0,0,5,2,1,1,4,0.29,0.313,0.387,0.7,89,12,0,0,0,0,0,/978DH
519,Whit Merrifield,34,TOR,AL,145,592,547,66,149,27,0,11,67,26,10,36,101,0.272,0.318,0.382,0.7,93,209,15,3,0,6,2,47/H9
520,Julian Merryweather,31,CHC,NL,1,0,0,0,0,0,0,0,0,0,0,0,0,,,,,,0,0,0,0,0,0,1
521,Matt Mervis*,25,CHC,NL,27,99,90,8,15,2,0,3,11,0,0,8,32,0.167,0.242,0.289,0.531,44,26,1,1,0,0,0,3/H
522,Jake Meyers,27,HOU,AL,112,341,309,42,70,16,1,10,33,5,2,26,88,0.227,0.296,0.382,0.678,86,118,2,5,0,1,0,8H/7D
523,Drew Millas#,25,WSN,NL,11,33,28,1,8,2,0,1,6,0,0,4,5,0.286,0.375,0.464,0.839,134,13,2,0,1,0,0,2/H
524,Brad Miller*,33,TEX,AL,27,67,56,8,12,4,0,1,6,0,0,10,11,0.214,0.328,0.339,0.668,86,19,1,0,0,1,0,D/H351
525,Owen Miller,26,MIL,NL,90,314,291,29,76,17,0,5,27,13,2,17,61,0.261,0.303,0.371,0.674,82,108,6,2,0,4,1,435H/7D9
526,Shelby Miller,32,LAD,NL,1,1,1,0,0,0,0,0,0,0,0,0,0,0,0,0,0,-100,0,0,0,0,0,0,1
527,José Miranda,25,MIN,AL,40,152,142,12,30,4,0,3,13,0,0,9,24,0.211,0.263,0.303,0.566,56,43,8,1,0,0,0,5/D3H
528,Calvin Mitchell*,24,PIT,NL,2,5,4,0,0,0,0,0,0,0,0,1,1,0,0.2,0,0.2,-38,0,0,0,0,0,0,/H9
529,Garrett Mitchell*,24,MIL,NL,19,73,65,10,16,2,1,3,7,1,1,7,26,0.246,0.315,0.446,0.761,104,29,0,0,0,1,0,8/H
530,Andruw Monasterio,26,MIL,NL,92,315,282,38,73,14,1,3,27,7,2,28,66,0.259,0.33,0.348,0.678,85,98,9,3,0,2,0,54/HD6
531,Yoán Moncada#,28,CHW,AL,92,357,334,39,87,20,1,11,40,1,0,20,107,0.26,0.305,0.425,0.73,99,142,6,2,0,1,0,5/H
532,Mickey Moniak*,25,LAA,AL,85,323,311,35,87,21,2,14,45,6,3,9,113,0.28,0.307,0.495,0.802,113,154,4,3,0,0,1,897/H
533,Elehuris Montero,24,COL,NL,85,307,284,40,69,15,2,11,39,0,0,15,111,0.243,0.29,0.426,0.716,84,121,5,5,0,3,0,3D5/H
534,Rafael Montero,32,HOU,AL,1,0,0,0,0,0,0,0,0,0,0,0,0,,,,,,0,0,0,0,0,0,1
535,Coco Montes,26,COL,NL,18,41,38,3,7,2,0,1,3,0,0,2,12,0.184,0.244,0.316,0.56,45,12,0,1,0,0,0,4/5H6
536,Dylan Moore,30,SEA,AL,67,165,145,18,30,9,1,7,19,7,3,16,56,0.207,0.303,0.428,0.731,105,62,1,4,0,0,0,H47/6D9385
537,Jovani Morán*,26,MIN,AL,2,0,0,0,0,0,0,0,0,0,0,0,0,,,,,,0,0,0,0,0,0,1
538,Christopher Morel,24,CHC,NL,107,429,388,62,96,17,3,26,70,6,2,36,133,0.247,0.313,0.508,0.821,119,197,7,2,1,2,0,D48/795H6
539,Gabriel Moreno,23,ARI,NL,111,380,341,33,97,19,1,7,50,6,2,29,75,0.284,0.339,0.408,0.747,105,139,17,3,0,7,0,2H/D
540,Taylor Motter,33,STL,NL,29,82,76,3,13,3,0,0,2,0,0,5,31,0.171,0.232,0.211,0.442,22,16,0,1,0,0,0,45/H63D9
541,Ryan Mountcastle,26,BAL,AL,115,470,423,64,114,21,1,18,68,3,1,37,107,0.27,0.328,0.452,0.779,117,191,13,3,0,7,1,3D/H
542,Mike Moustakas*,34,TOT,MLB,112,386,352,43,87,15,0,12,48,0,0,23,95,0.247,0.293,0.392,0.685,82,138,7,3,0,8,1,53HD
543,Mike Moustakas*,34,COL,NL,47,136,115,21,31,7,0,4,17,0,0,17,34,0.27,0.36,0.435,0.795,107,50,1,1,0,3,1,3H5/D
544,Mike Moustakas*,34,LAA,AL,65,250,237,22,56,8,0,8,31,0,0,6,61,0.236,0.256,0.371,0.627,68,88,6,2,0,5,0,53/DH
545,Cedric Mullins*,28,BAL,AL,116,455,404,51,94,23,3,15,74,19,3,43,101,0.233,0.305,0.416,0.721,101,168,6,1,3,4,1,*8/HD
546,Max Muncy*,32,LAD,NL,135,579,482,95,102,17,1,36,105,1,2,85,153,0.212,0.333,0.475,0.808,116,229,8,6,0,6,4,*5D/H
547,Andrés Muñoz,24,SEA,AL,1,0,0,0,0,0,0,0,0,0,0,0,0,,,,,,0,0,0,0,0,0,1
548,Penn Murfee,29,SEA,AL,1,0,0,0,0,0,0,0,0,0,0,0,0,,,,,,0,0,0,0,0,0,1
549,Sean Murphy,28,ATL,NL,108,438,370,65,93,21,0,21,68,0,0,49,98,0.251,0.365,0.478,0.844,126,177,18,18,0,1,0,2/DH
550,Tom Murphy,32,SEA,AL,47,159,145,19,42,12,0,8,17,0,0,10,44,0.29,0.335,0.538,0.873,143,78,4,1,0,2,0,2/DH
551,Dane Myers,27,MIA,NL,22,70,67,9,18,3,0,1,9,1,1,2,19,0.269,0.286,0.358,0.644,72,24,1,0,0,1,0,8/D7H
552,Wil Myers,32,CIN,NL,37,141,127,11,24,3,0,3,12,2,1,12,48,0.189,0.257,0.283,0.541,45,36,3,0,1,1,0,93/DH
553,James Naile,30,STL,NL,1,0,0,0,0,0,0,0,0,0,0,0,0,,,,,,0,0,0,0,0,0,1
554,Tyler Naquin*,32,CHW,AL,5,8,8,0,0,0,0,0,0,0,0,0,7,0,0,0,0,-100,0,0,0,0,0,0,/7H9
555,Andrew Nardi*,24,MIA,NL,1,0,0,0,0,0,0,0,0,0,0,0,0,,,,,,0,0,0,0,0,0,1
556,Omar Narváez*,31,NYM,NL,49,146,128,12,27,5,0,2,7,0,0,14,27,0.211,0.283,0.297,0.58,62,38,1,0,1,3,0,2/H
557,Bo Naylor*,23,CLE,AL,67,230,198,33,47,13,0,11,32,5,0,30,53,0.237,0.339,0.47,0.809,122,93,2,1,0,1,1,2/H
558,Josh Naylor*,26,CLE,AL,121,495,452,52,139,31,0,17,97,10,3,33,68,0.308,0.354,0.489,0.842,131,221,11,3,0,7,9,3D/H9
559,Kyle Nelson*,26,ARI,NL,1,0,0,0,0,0,0,0,0,0,0,0,0,,,,,,0,0,0,0,0,0,1
560,Héctor Neris,34,HOU,AL,1,0,0,0,0,0,0,0,0,0,0,0,0,,,,,,0,0,0,0,0,0,1
561,Zach Neto,22,LAA,AL,84,329,289,38,65,17,0,9,34,5,1,20,77,0.225,0.308,0.377,0.685,86,109,5,16,1,3,0,6/H
562,Tyler Nevin,26,DET,AL,41,111,95,11,19,3,1,2,10,0,1,12,25,0.2,0.306,0.316,0.622,72,30,1,3,0,1,0,5HD/379
563,Kevin Newman,29,CIN,NL,74,253,225,28,57,16,0,3,28,8,1,17,34,0.253,0.311,0.364,0.675,81,82,7,4,2,5,0,564H/3D
564,Tomás Nido,29,NYM,NL,22,61,56,5,7,0,0,0,1,0,0,2,18,0.125,0.153,0.125,0.278,-21,7,2,0,2,1,0,2/H
565,Brandon Nimmo*,30,NYM,NL,152,682,592,89,162,30,6,24,68,3,3,74,146,0.274,0.363,0.466,0.829,128,276,6,11,1,4,0,*87/DH
566,Ryan Noda*,27,OAK,AL,128,495,406,63,93,22,1,16,54,3,1,77,170,0.229,0.364,0.406,0.77,118,165,4,10,0,2,1,*3H/D97
567,Austin Nola,33,SDP,NL,52,154,130,9,19,3,0,1,8,0,0,18,31,0.146,0.26,0.192,0.452,28,25,5,2,4,0,0,2/H
568,Lars Nootbaar*,25,STL,NL,117,503,426,74,111,23,1,14,46,11,1,72,99,0.261,0.367,0.418,0.784,113,178,7,1,1,3,2,*897/HD
569,Ryan O'Hearn*,29,BAL,AL,112,368,346,48,100,22,1,14,60,5,1,15,82,0.289,0.322,0.48,0.801,122,166,2,3,1,3,2,39HD/7
570,Logan O'Hoppe,23,LAA,AL,51,199,182,23,43,6,0,14,29,0,1,14,48,0.236,0.296,0.5,0.796,111,91,4,2,0,1,0,2/DH
571,Brian O'Keefe,29,SEA,AL,8,21,19,0,2,2,0,0,2,0,0,2,7,0.105,0.19,0.211,0.401,14,4,2,0,0,0,0,/2H
572,Tyler O'Neill,28,STL,NL,72,266,238,27,55,14,0,9,21,5,0,28,67,0.231,0.312,0.403,0.715,93,96,5,0,0,0,0,78/HD
573,Rougned Odor*,29,SDP,NL,59,157,138,21,28,9,0,4,18,2,1,17,37,0.203,0.299,0.355,0.654,80,49,2,2,0,0,0,4H/5D93
574,Shohei Ohtani*,28,LAA,AL,135,599,497,102,151,26,8,44,95,20,6,91,143,0.304,0.412,0.654,1.066,184,325,9,3,0,3,21,*D1
575,Chris Okey,28,LAA,AL,2,2,2,0,0,0,0,0,0,0,0,0,2,0,0,0,0,-100,0,0,0,0,0,0,/2
576,Edward Olivares,27,KCR,AL,107,385,354,47,93,23,4,12,36,11,5,22,64,0.263,0.317,0.452,0.769,106,160,7,7,0,2,1,7DH/98
577,Matt Olson*,29,ATL,NL,162,720,608,127,172,27,3,54,139,1,0,104,167,0.283,0.389,0.604,0.993,163,367,13,4,0,4,8,*3
578,Jonathan Ornelas,23,TEX,AL,8,8,7,2,1,0,0,0,0,0,0,0,4,0.143,0.25,0.143,0.393,14,1,0,1,0,0,0,/65H
579,Rafael Ortega*,32,NYM,NL,47,136,114,16,25,3,0,1,8,6,1,20,33,0.219,0.341,0.272,0.613,74,31,0,1,1,0,0,87/H9D
580,Joey Ortiz,24,BAL,AL,15,34,33,4,7,1,0,0,4,0,0,0,9,0.212,0.206,0.242,0.448,26,8,2,0,0,1,0,/45H6
581,James Outman*,26,LAD,NL,151,567,483,86,120,16,3,23,70,16,3,68,181,0.248,0.353,0.437,0.79,113,211,4,12,0,4,1,*87/H9D
582,Chris Owings,31,PIT,NL,10,25,25,0,4,0,0,0,0,0,0,0,12,0.16,0.16,0.16,0.32,-12,4,1,0,0,0,0,Jun-81
583,Marcell Ozuna,32,ATL,NL,144,592,530,84,145,29,1,40,100,0,0,57,134,0.274,0.346,0.558,0.905,139,296,9,3,0,2,1,*D/7H
584,Cristian Pache,24,PHI,NL,48,95,84,12,20,7,1,2,11,2,3,10,27,0.238,0.319,0.417,0.736,99,35,1,0,1,0,0,78H/9D
585,Kevin Padlo,26,LAA,AL,3,8,8,1,1,1,0,0,0,0,0,0,0,0.125,0.125,0.25,0.375,-2,2,1,0,0,0,0,/35
586,Emilio Pagán*,32,MIN,AL,1,0,0,0,0,0,0,0,0,0,0,0,0,,,,,,0,0,0,0,0,0,1
587,Joshua Palacios*,27,PIT,NL,91,264,247,26,59,9,2,10,40,5,0,12,56,0.239,0.279,0.413,0.692,86,102,7,2,2,1,0,9H78/D
588,Richie Palacios*,26,STL,NL,32,102,93,9,24,6,0,6,16,2,0,6,11,0.258,0.307,0.516,0.823,118,48,1,1,1,1,0,7/8HD94
589,Isaac Paredes,24,TBR,AL,143,571,492,71,123,24,0,31,98,1,0,58,104,0.25,0.352,0.488,0.84,132,240,11,20,0,1,0,*534/HD6
590,Kyren Paris,21,LAA,AL,15,46,40,4,4,0,0,0,1,3,0,4,17,0.1,0.2,0.1,0.3,-14,4,0,1,1,0,0,/648HD
591,Vinnie Pasquantino*,25,KCR,AL,61,260,231,24,57,17,0,9,26,0,0,25,31,0.247,0.324,0.437,0.762,105,101,7,2,0,1,2,3D/H
592,Joc Pederson*,31,SFG,NL,121,425,358,59,84,14,3,15,51,0,0,57,89,0.235,0.348,0.416,0.764,112,149,12,7,0,3,6,D7H/93
593,Liover Peguero,22,PIT,NL,59,213,198,21,47,4,1,7,26,6,2,11,67,0.237,0.28,0.374,0.653,77,74,6,1,2,1,0,64
594,Jeremy Peña,25,HOU,AL,150,634,577,81,152,32,3,10,52,13,9,43,129,0.263,0.324,0.381,0.705,95,220,11,9,1,1,1,*6
595,David Peralta*,35,LAD,NL,133,422,394,47,102,25,1,7,55,4,1,20,72,0.259,0.294,0.381,0.675,82,150,8,2,0,6,1,*7H9/D
596,Oswald Peraza,23,NYY,AL,52,191,173,15,33,8,0,2,14,4,3,13,50,0.191,0.267,0.272,0.539,49,47,1,5,0,0,0,54/6HD
597,Geraldo Perdomo#,23,ARI,NL,144,495,407,71,100,20,4,6,47,16,4,64,86,0.246,0.353,0.359,0.712,97,146,2,6,14,4,1,*645H
598,Everson Pereira,22,NYY,AL,27,103,93,6,14,4,0,0,10,4,0,8,40,0.151,0.233,0.194,0.427,20,18,1,2,0,0,0,7
599,Carlos Pérez,32,OAK,AL,66,189,168,17,38,4,0,6,20,0,0,13,40,0.226,0.293,0.357,0.65,83,60,4,4,1,3,0,2H3D/17
600,Carlos Pérez,26,CHW,AL,27,53,49,5,10,4,0,1,3,0,0,4,11,0.204,0.264,0.347,0.611,67,17,2,0,0,0,0,2H/D
601,Cionel Pérez,27,BAL,AL,3,0,0,0,0,0,0,0,0,0,0,0,0,,,,,,0,0,0,0,0,0,1
602,Michael Pérez*,30,NYM,NL,3,8,8,1,4,1,0,0,0,0,0,0,1,0.5,0.5,0.625,1.125,210,5,0,0,0,0,0,/2
603,Roberto Pérez,34,SFG,NL,5,17,15,0,2,0,0,0,1,0,0,2,6,0.133,0.235,0.133,0.369,7,2,0,0,0,0,0,/2
604,Salvador Perez,33,KCR,AL,140,580,538,59,137,21,0,23,80,0,0,19,135,0.255,0.292,0.422,0.714,91,227,11,13,0,8,6,2D3
605,Blake Perkins#,26,MIL,NL,67,168,143,28,31,7,0,4,20,5,2,23,46,0.217,0.325,0.35,0.675,84,50,3,0,2,0,0,98H7/D
606,Jace Peterson*,33,TOT,MLB,133,430,374,35,79,10,4,6,37,15,2,47,101,0.211,0.304,0.307,0.611,73,115,7,4,2,3,2,*5H4/D137
607,Jace Peterson*,33,OAK,AL,92,324,281,30,62,7,2,6,28,11,1,36,77,0.221,0.313,0.324,0.637,81,91,6,3,1,3,1,54H/1D7
608,Jace Peterson*,33,ARI,NL,41,106,93,5,17,3,2,0,9,4,1,11,24,0.183,0.276,0.258,0.534,49,24,1,1,1,0,1,5H/D34
609,Tommy Pham,35,TOT,NL,129,481,426,55,109,27,3,16,68,22,3,47,106,0.256,0.328,0.446,0.774,111,190,11,2,0,6,1,7DH9/8
610,Tommy Pham,35,NYM,NL,79,264,231,29,62,15,1,10,36,11,1,29,56,0.268,0.348,0.472,0.82,125,109,2,1,0,3,1,7DH/8
611,Tommy Pham,35,ARI,NL,50,217,195,26,47,12,2,6,32,11,2,18,50,0.241,0.304,0.415,0.72,95,81,9,1,0,3,0,D79
612,Brett Phillips*,29,LAA,AL,39,71,63,9,11,1,0,3,6,3,1,8,36,0.175,0.268,0.333,0.601,63,21,0,0,0,0,0,8H/97D1
613,Kevin Pillar,34,ATL,NL,81,206,197,29,45,10,0,9,32,4,1,6,50,0.228,0.248,0.416,0.664,75,82,2,0,0,3,0,7H9/8
614,Manny Piña,36,OAK,AL,4,12,12,1,3,0,0,1,1,0,0,0,3,0.25,0.25,0.5,0.75,105,6,1,0,0,0,0,/2D
615,René Pinto,26,TBR,AL,38,105,103,10,26,3,0,6,16,0,0,2,34,0.252,0.267,0.456,0.723,97,47,2,0,0,0,0,1-Feb
616,Nick Pivetta,30,BOS,AL,1,0,0,0,0,0,0,0,0,0,0,0,0,,,,,,0,0,0,0,0,0,1
617,Jorge Polanco#,29,MIN,AL,80,343,302,38,77,18,0,14,48,4,0,36,88,0.255,0.335,0.454,0.789,115,137,2,2,0,3,0,45D/H
618,AJ Pollock,35,TOT,MLB,54,144,133,15,22,4,0,5,15,0,1,9,32,0.165,0.215,0.308,0.524,46,41,1,0,0,2,0,D7H/89
619,AJ Pollock,35,SEA,AL,49,138,127,15,22,4,0,5,15,0,1,9,30,0.173,0.225,0.323,0.547,53,41,1,0,0,2,0,D7H
620,AJ Pollock,35,SFG,NL,5,6,6,0,0,0,0,0,0,0,0,0,2,0,0,0,0,-100,0,0,0,0,0,0,/789
621,Logan Porter,27,KCR,AL,11,38,31,4,6,1,0,1,3,0,0,5,11,0.194,0.324,0.323,0.647,78,10,2,1,1,0,0,2
622,Nick Pratto*,24,KCR,AL,95,345,306,33,71,16,0,7,35,1,1,29,138,0.232,0.307,0.353,0.66,80,108,3,6,0,4,0,37/H9
623,Ryan Pressly,34,HOU,AL,3,0,0,0,0,0,0,0,0,0,0,0,0,,,,,,0,0,0,0,0,0,1
624,Jurickson Profar#,30,TOT,NL,125,521,459,55,111,27,2,9,46,1,0,50,90,0.242,0.321,0.368,0.689,81,169,11,6,0,5,0,7DH/394
625,Jurickson Profar#,30,COL,NL,111,472,415,51,98,25,2,8,39,1,0,45,86,0.236,0.316,0.364,0.68,78,151,9,6,0,5,0,7D/H
626,Jurickson Profar#,30,SDP,NL,14,49,44,4,13,2,0,1,7,0,0,5,4,0.295,0.367,0.409,0.776,115,18,2,0,0,0,0,/73H94D
627,Juniel Querecuto#,30,STL,NL,9,21,20,2,2,1,0,0,0,0,0,1,6,0.1,0.143,0.15,0.293,-20,3,0,0,0,0,0,/534H
628,Ceddanne Rafaela,22,BOS,AL,28,89,83,11,20,6,0,2,5,3,1,4,28,0.241,0.281,0.386,0.666,78,32,2,1,0,1,0,8/H64D
629,Cole Ragans*,25,TOT,AL,1,0,0,0,0,0,0,0,0,0,0,0,0,,,,,,0,0,0,0,0,0,1
630,Cole Ragans*,25,TEX,AL,1,0,0,0,0,0,0,0,0,0,0,0,0,,,,,,0,0,0,0,0,0,1
631,Cal Raleigh#,26,SEA,AL,145,569,513,78,119,23,1,30,75,0,0,54,158,0.232,0.306,0.456,0.762,113,234,6,1,0,1,1,*2HD
632,Brooks Raley*,35,NYM,NL,1,0,0,0,0,0,0,0,0,0,0,0,0,,,,,,0,0,0,0,0,0,1
633,Luke Raley*,28,TBR,AL,118,406,357,56,89,23,3,19,49,14,3,28,128,0.249,0.333,0.49,0.824,127,175,2,18,1,2,0,93D7H8/1
634,Harold Ramírez,28,TBR,AL,122,434,400,58,125,19,2,12,68,5,3,22,79,0.313,0.353,0.46,0.813,126,184,7,6,0,6,0,DH/793
635,José Ramírez#,30,CLE,AL,156,691,611,87,172,36,5,24,80,28,6,73,73,0.282,0.356,0.475,0.831,129,290,8,1,0,6,22,*5D
636,Heliot Ramos,23,SFG,NL,25,60,56,5,10,4,0,1,2,0,0,4,20,0.179,0.233,0.304,0.537,48,17,1,0,0,0,0,79/H8D
637,Henry Ramos#,31,CIN,NL,23,86,74,9,18,3,1,0,5,2,1,11,21,0.243,0.349,0.311,0.66,80,23,2,1,0,0,0,9/D7H
638,J.T. Realmuto,32,PHI,NL,135,540,489,70,123,28,5,20,63,16,5,35,138,0.252,0.31,0.452,0.762,105,221,10,9,0,5,3,*2/H
639,Rob Refsnyder,32,BOS,AL,89,243,202,31,50,9,1,1,28,7,2,33,47,0.248,0.365,0.317,0.682,87,64,8,5,1,1,0,7H8/D9
640,Zach Remillard,29,CHW,AL,54,160,147,16,37,7,0,1,18,4,3,8,48,0.252,0.295,0.32,0.615,70,47,3,1,4,0,1,4/H5976D
641,Anthony Rendon,33,LAA,AL,43,183,148,23,35,6,0,2,22,2,0,25,27,0.236,0.361,0.318,0.678,88,47,6,6,0,4,0,5
642,Hunter Renfroe,31,TOT,MLB,140,548,498,60,116,31,0,20,60,0,0,44,125,0.233,0.297,0.416,0.713,91,207,15,3,0,3,0,*9H/D3
643,Hunter Renfroe,31,LAA,AL,126,504,459,56,111,31,0,19,56,0,0,39,113,0.242,0.304,0.434,0.737,98,199,15,3,0,3,0,*9/H3
644,Hunter Renfroe,31,CIN,NL,14,44,39,4,5,0,0,1,4,0,0,5,12,0.128,0.227,0.205,0.432,18,8,0,0,0,0,0,/D9H
645,Luis Rengifo#,26,LAA,AL,126,445,394,55,104,15,4,16,51,6,4,41,82,0.264,0.339,0.444,0.783,111,175,3,6,0,4,0,465H9/78
646,Franmil Reyes,27,KCR,AL,19,65,59,5,11,0,0,2,7,0,0,4,24,0.186,0.231,0.288,0.519,40,17,3,0,0,2,0,D/7H9
647,Pablo Reyes,29,BOS,AL,64,185,167,27,48,9,0,2,20,7,2,14,21,0.287,0.339,0.377,0.716,94,63,3,0,2,2,0,64H/53D1
648,Bryan Reynolds#,28,PIT,NL,145,640,574,85,151,31,5,24,84,12,1,53,138,0.263,0.33,0.46,0.79,113,264,13,7,0,6,2,*7D8/H
649,Matt Reynolds,32,CIN,NL,2,5,5,1,1,0,0,0,0,0,0,0,3,0.2,0.2,0.2,0.4,8,1,0,0,0,0,0,/53
650,Austin Riley,26,ATL,NL,159,715,636,117,179,32,3,37,97,3,1,59,172,0.281,0.345,0.516,0.861,129,328,18,9,0,11,4,*5
651,Edwin Ríos*,29,CHC,NL,18,34,28,3,2,1,0,1,2,0,0,5,16,0.071,0.235,0.214,0.45,24,6,0,1,0,0,0,D/H5
652,Alfonso Rivas III*,26,TOT,NL,48,123,109,8,25,10,1,3,15,1,0,9,36,0.229,0.303,0.422,0.725,96,46,1,3,1,1,0,3/H7
653,Alfonso Rivas III*,26,SDP,NL,8,17,15,2,3,2,0,0,1,0,0,2,7,0.2,0.294,0.333,0.627,73,5,0,0,0,0,0,/3H
654,Alfonso Rivas III*,26,PIT,NL,40,106,94,6,22,8,1,3,14,1,0,7,29,0.234,0.305,0.436,0.741,100,41,1,3,1,1,0,3/H7
655,Emmanuel Rivera,27,ARI,NL,86,283,257,32,67,13,0,4,29,1,0,22,56,0.261,0.314,0.358,0.672,85,92,9,0,0,4,0,5H3/D
656,Anthony Rizzo*,33,NYY,AL,99,421,373,45,91,14,0,12,41,0,3,35,97,0.244,0.328,0.378,0.706,94,141,10,12,0,1,1,3/D
657,Luis Robert Jr.,25,CHW,AL,145,595,546,90,144,36,1,38,80,20,4,30,172,0.264,0.315,0.542,0.857,130,296,10,12,0,2,5,*8/H
658,Víctor Robles,26,WSN,NL,36,126,107,15,32,5,1,0,8,8,1,11,18,0.299,0.385,0.364,0.75,112,39,3,4,4,0,0,8
659,Brayan Rocchio#,22,CLE,AL,23,86,81,9,20,6,0,0,8,0,0,4,27,0.247,0.279,0.321,0.6,67,26,4,0,0,1,0,6/5H
660,Brendan Rodgers,26,COL,NL,46,192,178,21,46,9,1,4,20,0,0,11,41,0.258,0.313,0.388,0.7,82,69,6,3,0,0,0,4/DH
661,Endy Rodríguez#,23,PIT,NL,57,204,186,27,41,7,2,3,13,0,0,17,49,0.22,0.284,0.328,0.612,67,61,3,0,0,1,0,2H/3D
662,José Rodriguez,22,CHW,AL,1,0,0,1,0,0,0,0,0,0,0,0,0,,,,,,0,0,0,0,0,0,/4H
663,Julio Rodríguez,22,SEA,AL,155,714,654,102,180,37,2,32,103,37,10,47,175,0.275,0.333,0.485,0.818,129,317,14,11,0,2,6,*8/D
664,Jake Rogers,28,DET,AL,107,365,331,47,73,11,0,21,49,1,1,28,118,0.221,0.286,0.444,0.73,96,147,6,3,1,2,0,2/HD7
665,Taylor Rogers*,32,SFG,NL,1,0,0,0,0,0,0,0,0,0,0,0,0,,,,,,0,0,0,0,0,0,1
666,Tyler Rogers,32,SFG,NL,1,0,0,0,0,0,0,0,0,0,0,0,0,,,,,,0,0,0,0,0,0,1
667,Johan Rojas,22,PHI,NL,59,164,149,24,45,9,2,2,23,14,1,5,42,0.302,0.342,0.43,0.771,109,64,1,4,6,0,0,8H/D
668,Josh Rojas*,29,TOT,MLB,105,350,314,47,77,17,0,4,40,12,0,27,81,0.245,0.303,0.338,0.641,79,106,3,1,2,4,0,45H/D71
669,Josh Rojas*,29,ARI,NL,59,216,189,23,43,13,0,0,26,6,0,18,51,0.228,0.292,0.296,0.589,63,56,2,1,2,4,0,5/H4D71
670,Josh Rojas*,29,SEA,AL,46,134,125,24,34,4,0,4,14,6,0,9,30,0.272,0.321,0.4,0.721,104,50,1,0,0,0,0,4/H5
671,Miguel Rojas,34,LAD,NL,124,423,385,49,91,16,1,5,31,8,3,26,48,0.236,0.29,0.322,0.612,66,124,12,5,2,5,0,*6H/1D45
672,Jordan Romano,30,TOR,AL,1,0,0,0,0,0,0,0,0,0,0,0,0,,,,,,0,0,0,0,0,0,1
673,JoJo Romero*,26,STL,NL,1,0,0,0,0,0,0,0,0,0,0,0,0,,,,,,0,0,0,0,0,0,1
674,Brent Rooker,28,OAK,AL,137,526,463,61,114,20,1,30,69,4,0,49,172,0.246,0.329,0.488,0.817,127,226,11,10,0,4,1,D97H
675,Ben Rortvedt*,25,NYY,AL,32,79,68,6,8,1,0,2,4,0,0,11,19,0.118,0.241,0.221,0.461,28,15,1,0,0,0,0,2/HD
676,Amed Rosario,27,TOT,MLB,142,545,510,70,134,25,8,6,58,15,2,29,99,0.263,0.305,0.378,0.683,88,193,15,3,0,3,0,64H/D
677,Amed Rosario,27,CLE,AL,94,412,385,51,102,19,6,3,40,9,0,22,77,0.265,0.306,0.369,0.675,87,142,11,2,0,3,0,6/HD
678,Amed Rosario,27,LAD,NL,48,133,125,19,32,6,2,3,18,6,2,7,22,0.256,0.301,0.408,0.709,90,51,4,1,0,0,0,4H6/D
679,Eddie Rosario*,31,ATL,NL,142,516,478,64,122,24,3,21,74,3,4,34,122,0.255,0.305,0.45,0.755,101,215,13,1,1,2,1,*7DH
680,Eguy Rosario,23,SDP,NL,11,37,36,6,9,1,1,2,6,0,0,1,12,0.25,0.27,0.5,0.77,106,18,1,0,0,0,0,5/H4
681,Michael Rucker,29,CHC,NL,2,0,0,0,0,0,0,0,0,0,0,0,0,,,,,,0,0,0,0,0,0,1
682,Darin Ruf,36,TOT,NL,20,57,49,3,11,3,0,0,3,0,0,8,16,0.224,0.333,0.286,0.619,73,14,0,0,0,0,0,D/H3
683,Darin Ruf,36,SFG,NL,9,27,23,1,6,2,0,0,3,0,0,4,9,0.261,0.37,0.348,0.718,102,8,0,0,0,0,0,/DH
684,Darin Ruf,36,MIL,NL,11,30,26,2,5,1,0,0,0,0,0,4,7,0.192,0.3,0.231,0.531,48,6,0,0,0,0,0,/D3H
685,Esteury Ruiz,24,OAK,AL,132,497,449,47,114,24,1,5,47,67,13,20,99,0.254,0.309,0.345,0.654,85,155,7,16,4,1,1,*87H9/D
686,José Ruiz,28,TOT,MLB,1,0,0,0,0,0,0,0,0,0,0,0,0,,,,,,0,0,0,0,0,0,1
687,José Ruiz,28,ARI,NL,1,0,0,0,0,0,0,0,0,0,0,0,0,,,,,,0,0,0,0,0,0,1
688,Keibert Ruiz#,24,WSN,NL,136,562,523,55,136,24,0,18,67,1,1,31,58,0.26,0.308,0.409,0.717,99,214,13,6,0,2,1,*2D/H
689,Blake Rutherford*,26,WSN,NL,16,36,35,4,6,0,0,0,2,0,0,1,10,0.171,0.194,0.171,0.366,4,6,1,0,0,0,0,7/H
690,Adley Rutschman#,25,BAL,AL,154,687,588,84,163,31,1,20,80,1,2,92,101,0.277,0.374,0.435,0.809,128,256,14,2,0,5,6,*2D/H
691,Blake Sabol*,25,SFG,NL,110,344,310,36,73,10,0,13,44,4,2,24,117,0.235,0.301,0.394,0.695,92,122,4,6,2,2,0,27HD
692,César Salazar*,27,HOU,AL,13,19,18,1,2,0,0,0,0,0,0,1,6,0.111,0.158,0.111,0.269,-23,2,1,0,0,0,0,/2H
693,Gary Sánchez,30,TOT,NL,75,267,240,33,52,9,0,19,47,0,0,21,67,0.217,0.288,0.492,0.78,110,118,3,4,0,2,0,2/DH
694,Gary Sánchez,30,NYM,NL,3,7,6,0,1,0,0,0,1,0,0,0,3,0.167,0.143,0.167,0.31,-14,1,0,0,0,1,0,/2
695,Gary Sánchez,30,SDP,NL,72,260,234,33,51,9,0,19,46,0,0,21,64,0.218,0.292,0.5,0.792,113,117,3,4,0,1,0,2/DH
696,Jesús Sánchez*,25,MIA,NL,125,402,360,43,91,23,3,14,52,3,1,38,107,0.253,0.327,0.45,0.777,106,162,12,2,1,1,1,*9H/87D
697,Cole Sands,25,MIN,AL,1,0,0,0,0,0,0,0,0,0,0,0,0,,,,,,0,0,0,0,0,0,1
698,Carlos Santana#,37,TOT,NL,146,619,550,78,132,33,1,23,86,6,0,65,104,0.24,0.318,0.429,0.747,102,236,11,0,0,4,0,*3D/H
699,Carlos Santana#,37,PIT,NL,94,393,345,45,81,25,0,12,53,6,0,45,69,0.235,0.321,0.412,0.732,99,142,3,0,0,3,0,3/D
700,Carlos Santana#,37,MIL,NL,52,226,205,33,51,8,1,11,33,0,0,20,35,0.249,0.314,0.459,0.773,106,94,8,0,0,1,0,3/DH
701,Anthony Santander#,28,BAL,AL,153,656,591,81,152,41,1,28,95,5,1,55,152,0.257,0.325,0.472,0.797,121,279,11,6,0,4,1,9D3/H7
702,Tony Santillan,26,CIN,NL,1,0,0,0,0,0,0,0,0,0,0,0,0,,,,,,0,0,0,0,0,0,/1
703,Tayler Saucedo*,30,SEA,AL,2,0,0,0,0,0,0,0,0,0,0,0,0,,,,,,0,0,0,0,0,0,1
704,Josh Sborz,29,TEX,AL,1,1,1,0,0,0,0,0,0,0,0,0,1,0,0,0,0,-100,0,0,0,0,0,0,1
705,Nolan Schanuel*,21,LAA,AL,29,132,109,19,30,3,0,1,6,0,0,20,19,0.275,0.402,0.33,0.732,103,36,1,3,0,0,1,3/DH
706,Casey Schmitt,24,SFG,NL,90,277,253,28,52,15,0,5,30,2,1,13,65,0.206,0.255,0.324,0.58,60,82,7,5,3,3,0,654H
707,Davis Schneider,24,TOR,AL,35,141,116,23,32,12,1,8,20,1,0,21,43,0.276,0.404,0.603,1.008,174,70,2,4,0,0,0,4/D57H
708,Jonathan Schoop,31,DET,AL,55,151,136,15,29,8,0,0,7,0,0,13,37,0.213,0.278,0.272,0.55,53,37,6,0,0,2,0,45H/D16
709,John Schreiber,29,BOS,AL,2,0,0,0,0,0,0,0,0,0,0,0,0,,,,,,0,0,0,0,0,0,1
710,Kyle Schwarber*,30,PHI,NL,160,720,585,108,115,19,1,47,104,0,2,126,215,0.197,0.343,0.474,0.817,120,277,4,6,0,3,5,7D
711,Tayler Scott,31,TOT,MLB,2,0,0,0,0,0,0,0,0,0,0,0,0,,,,,,0,0,0,0,0,0,1
712,Tayler Scott,31,TOT,AL,1,0,0,0,0,0,0,0,0,0,0,0,0,,,,,,0,0,0,0,0,0,1
713,Tayler Scott,31,LAD,NL,1,0,0,0,0,0,0,0,0,0,0,0,0,,,,,,0,0,0,0,0,0,/1
714,Tayler Scott,31,BOS,AL,1,0,0,0,0,0,0,0,0,0,0,0,0,,,,,,0,0,0,0,0,0,/1
715,Corey Seager*,29,TEX,AL,119,536,477,88,156,42,0,33,96,2,1,49,88,0.327,0.39,0.623,1.013,174,297,9,4,0,6,9,*6/D
716,Chandler Seagle,27,SDP,NL,1,1,1,0,0,0,0,0,0,0,0,0,0,0,0,0,0,-100,0,0,0,0,0,0,/DH
717,Jean Segura,33,MIA,NL,85,326,301,25,66,5,2,3,21,6,2,22,47,0.219,0.277,0.279,0.556,50,84,12,2,1,0,1,5/H
718,Marcus Semien,32,TEX,AL,162,753,670,122,185,40,4,29,100,14,3,72,110,0.276,0.348,0.478,0.826,126,320,5,5,0,5,1,*4
719,Nick Senzel,28,CIN,NL,104,330,301,49,71,10,0,13,42,6,2,26,74,0.236,0.297,0.399,0.696,84,120,9,1,0,2,0,57H89/4D
720,Brian Serven,28,COL,NL,11,23,23,0,3,1,0,0,1,0,0,0,10,0.13,0.13,0.174,0.304,-21,4,0,0,0,0,0,2/HD
721,Paul Sewald,33,TOT,MLB,2,0,0,0,0,0,0,0,0,0,0,0,0,,,,,,0,0,0,0,0,0,1
722,Paul Sewald,33,SEA,AL,1,0,0,0,0,0,0,0,0,0,0,0,0,,,,,,0,0,0,0,0,0,1
723,Paul Sewald,33,ARI,NL,1,0,0,0,0,0,0,0,0,0,0,0,0,,,,,,0,0,0,0,0,0,1
724,Gavin Sheets*,27,CHW,AL,118,344,311,24,63,10,0,10,43,1,0,28,66,0.203,0.267,0.331,0.599,64,103,6,1,0,4,2,9H3D/7
725,Braden Shewmake*,25,ATL,NL,2,4,4,0,0,0,0,0,0,0,0,0,1,0,0,0,0,-100,0,0,0,0,0,0,/6
726,Zack Short,28,DET,AL,110,253,221,17,45,9,0,7,33,5,0,28,66,0.204,0.292,0.339,0.631,73,75,3,0,3,1,0,465H/189D
727,Michael Siani*,23,TOT,NL,8,6,5,1,0,0,0,0,0,1,1,1,1,0,0.167,0,0.167,-49,0,0,0,0,0,0,/8HD7
728,Michael Siani*,23,CIN,NL,3,1,0,1,0,0,0,0,0,0,1,1,0,,1,,,,0,0,0,0,0,0,/87H
729,Michael Siani*,23,STL,NL,5,5,5,0,0,0,0,0,0,1,0,0,1,0,0,0,0,-100,0,0,0,0,0,0,/8DH
730,Lucas Sims,29,CIN,NL,3,0,0,0,0,0,0,0,0,0,0,0,0,,,,,,0,0,0,0,0,0,1
731,Jon Singleton*,31,TOT,MLB,36,105,91,11,15,3,0,2,12,0,0,13,23,0.165,0.267,0.264,0.53,47,24,2,0,0,1,0,3H/D
732,Jon Singleton*,31,MIL,NL,11,32,29,3,3,1,0,0,2,0,0,3,11,0.103,0.188,0.138,0.325,-9,4,0,0,0,0,0,/3DH
733,Jon Singleton*,31,HOU,AL,25,73,62,8,12,2,0,2,10,0,0,10,12,0.194,0.301,0.323,0.624,73,20,2,0,0,1,0,3H/D
734,Jose Siri,27,TBR,AL,101,364,338,58,75,13,2,25,56,12,3,20,130,0.222,0.267,0.494,0.761,107,167,5,2,1,3,0,8/HD
735,Austin Slater,30,SFG,NL,89,207,185,24,50,9,0,5,20,2,2,20,58,0.27,0.348,0.4,0.748,108,74,2,2,0,0,0,H87/9D
736,Dominic Smith*,28,WSN,NL,153,586,527,57,134,21,1,12,46,1,1,47,91,0.254,0.326,0.366,0.692,94,193,12,10,0,2,1,*3/HD
737,Josh Smith*,25,TEX,AL,90,232,195,29,36,8,1,6,15,1,0,25,55,0.185,0.304,0.328,0.633,76,64,3,9,2,1,0,657H/D4
738,Kevin Smith,26,OAK,AL,49,146,135,15,25,4,0,5,11,1,0,5,51,0.185,0.22,0.326,0.546,52,44,3,1,5,0,0,65/HD
739,Pavin Smith*,27,ARI,NL,69,228,191,26,36,5,0,7,30,1,1,35,45,0.188,0.317,0.325,0.642,78,62,3,1,0,0,0,D9H3
740,Will Smith,33,TEX,AL,1,0,0,0,0,0,0,0,0,0,0,0,0,,,,,,0,0,0,0,0,0,1
741,Will Smith,28,LAD,NL,126,554,464,80,121,21,2,19,76,3,0,63,89,0.261,0.359,0.438,0.797,115,203,8,15,0,12,2,*2D/H
742,Canaan Smith-Njigba*,24,PIT,NL,15,37,32,3,4,1,1,0,5,1,0,4,16,0.125,0.216,0.219,0.435,20,7,1,0,0,1,0,9/H7
743,Drew Smyly*,34,CHC,NL,1,0,0,0,0,0,0,0,0,0,0,0,0,,,,,,0,0,0,0,0,0,1
744,Tyler Soderstrom*,21,OAK,AL,45,138,125,9,20,1,0,3,7,0,0,11,43,0.16,0.232,0.24,0.472,34,30,6,1,0,1,0,D23/H
745,Nick Solak,28,TOT,MLB,2,0,0,1,0,0,0,0,0,0,0,0,0,,,,,,0,0,0,0,0,0,/HD
746,Nick Solak,28,ATL,NL,1,0,0,1,0,0,0,0,0,0,0,0,0,,,,,,0,0,0,0,0,0,/H
747,Nick Solak,28,DET,AL,1,0,0,0,0,0,0,0,0,0,0,0,0,,,,,,0,0,0,0,0,0,/DH
748,Donovan Solano,35,MIN,AL,134,450,394,43,111,26,1,5,38,0,0,40,100,0.282,0.369,0.391,0.76,110,154,8,15,0,1,1,3H45D
749,Jorge Soler,31,MIA,NL,137,580,504,77,126,24,0,36,75,1,0,66,141,0.25,0.341,0.512,0.853,125,258,20,6,0,4,4,D9/H
750,Edmundo Sosa,27,PHI,NL,104,300,279,34,70,15,2,10,30,4,2,8,74,0.251,0.293,0.427,0.719,93,119,10,9,2,1,0,56H/48
751,Lenyn Sosa,23,CHW,AL,52,173,164,12,33,6,0,6,14,0,1,5,40,0.201,0.224,0.348,0.571,54,57,3,0,3,1,1,45/H
752,Juan Soto*,24,SDP,NL,162,708,568,97,156,32,1,35,109,12,5,132,129,0.275,0.41,0.519,0.93,155,295,18,2,1,5,11,*7/DH
753,Livan Soto*,23,LAA,AL,4,12,9,2,2,0,0,0,0,0,0,3,2,0.222,0.417,0.222,0.639,82,2,0,0,0,0,0,/46
754,Carson Spiers,25,CIN,NL,1,0,0,0,0,0,0,0,0,0,0,0,0,,,,,,0,0,0,0,0,0,/1
755,George Springer,33,TOR,AL,154,683,613,87,158,25,1,21,72,20,5,60,125,0.258,0.327,0.405,0.732,102,248,20,5,0,3,1,*9D/H8
756,Jacob Stallings,33,MIA,NL,88,276,241,22,46,14,0,3,20,0,0,27,67,0.191,0.278,0.286,0.565,52,69,9,3,3,2,0,2/1DH
757,Ryne Stanek,31,HOU,AL,2,0,0,0,0,0,0,0,0,0,0,0,0,,,,,,0,0,0,0,0,0,1
758,Giancarlo Stanton,33,NYY,AL,101,415,371,43,71,13,0,24,60,0,0,41,124,0.191,0.275,0.42,0.695,87,156,11,2,0,1,3,D9/H7
759,Spencer Steer,25,CIN,NL,156,665,582,74,158,37,3,23,86,15,3,68,139,0.271,0.356,0.464,0.82,118,270,9,11,0,4,0,3574/DH9
760,Michael Stefanic,27,LAA,AL,25,71,62,5,18,2,1,0,6,0,1,8,8,0.29,0.38,0.355,0.735,103,22,0,1,0,0,0,4/5HD
761,Tyler Stephenson,26,CIN,NL,142,517,465,59,113,20,2,13,56,0,1,47,135,0.243,0.317,0.378,0.696,86,176,16,4,0,1,2,2DH/3
762,Andrew Stevenson*,29,MIN,AL,25,40,37,4,7,1,0,0,1,4,1,2,8,0.189,0.25,0.216,0.466,31,8,0,1,0,0,0,8H/7
763,Cal Stevenson*,26,SFG,NL,6,12,9,1,0,0,0,0,0,0,0,3,2,0,0.25,0,0.25,-21,0,0,0,0,0,0,/8
764,DJ Stewart*,29,NYM,NL,58,185,160,21,39,9,0,11,26,1,1,15,56,0.244,0.333,0.506,0.84,129,81,3,7,1,1,0,9/HD7
765,Trevor Story,30,BOS,AL,43,168,158,12,32,9,0,3,14,10,3,9,55,0.203,0.25,0.316,0.566,52,50,2,1,0,0,0,6/DH4
766,Bryson Stott*,25,PHI,NL,151,640,585,78,164,32,2,15,62,31,3,39,100,0.28,0.329,0.419,0.747,102,245,10,7,1,8,1,*4/HD
767,Kyle Stowers*,25,BAL,AL,14,33,30,1,2,0,0,0,0,0,0,3,12,0.067,0.152,0.067,0.218,-35,2,1,0,0,0,0,/97HD
768,Myles Straw,28,CLE,AL,147,518,462,52,110,18,3,1,29,20,6,42,97,0.238,0.301,0.297,0.597,68,137,10,2,6,6,0,*8/H
769,Garrett Stubbs*,30,PHI,NL,41,125,113,15,23,4,1,1,12,2,0,9,29,0.204,0.274,0.283,0.557,53,32,0,2,1,0,0,2/H7
770,Eugenio Suárez,31,SEA,AL,162,694,598,68,139,29,0,22,96,2,1,70,214,0.232,0.323,0.391,0.714,102,234,10,15,0,11,0,*5/D
771,Brett Sullivan*,29,SDP,NL,33,86,81,7,17,3,0,1,6,0,0,4,19,0.21,0.244,0.284,0.528,46,23,1,0,0,1,0,2/H5
772,Brent Suter*,33,COL,NL,1,0,0,0,0,0,0,0,0,0,0,0,0,,,,,,0,0,0,0,0,0,1
773,Jack Suwinski*,24,PIT,NL,144,534,447,63,100,21,2,26,74,13,2,75,172,0.224,0.339,0.454,0.793,115,203,2,6,0,6,2,*897H/D
774,Seiya Suzuki,28,CHC,NL,138,583,515,75,147,31,6,20,74,6,7,59,130,0.285,0.357,0.485,0.842,127,250,8,2,0,7,3,*9/DH
775,Dansby Swanson,29,CHC,NL,147,638,565,81,138,25,3,22,80,9,1,66,154,0.244,0.328,0.416,0.744,101,235,9,5,0,2,0,*6
776,Domingo Tapia,31,SDP,NL,1,0,0,0,0,0,0,0,0,0,0,0,0,,,,,,0,0,0,0,0,0,1
777,Raimel Tapia*,29,TOT,MLB,64,169,148,28,35,4,1,3,13,10,2,17,40,0.236,0.317,0.338,0.655,78,50,2,1,1,1,0,9H7/8D
778,Raimel Tapia*,29,TOT,AL,44,108,96,18,26,4,1,1,10,8,1,11,20,0.271,0.346,0.365,0.71,94,35,1,0,0,0,0,H79/8D
779,Raimel Tapia*,29,BOS,AL,39,97,87,14,23,4,1,1,10,6,1,9,19,0.264,0.333,0.368,0.701,90,32,1,0,0,0,0,H7/89D
780,Raimel Tapia*,29,MIL,NL,20,61,52,10,9,0,0,2,3,2,1,6,20,0.173,0.267,0.288,0.555,51,15,1,1,1,1,0,9/H87
781,Raimel Tapia*,29,TBR,AL,5,11,9,4,3,0,0,0,0,2,0,2,1,0.333,0.455,0.333,0.788,127,3,0,0,0,0,0,/7H9
782,Fernando Tatis Jr.,24,SDP,NL,141,635,575,91,148,33,1,25,78,29,4,53,141,0.257,0.322,0.449,0.77,110,258,17,3,1,3,0,*9/8D4H
783,Mike Tauchman*,32,CHC,NL,108,401,337,64,85,18,0,8,48,7,1,56,86,0.252,0.363,0.377,0.739,103,127,3,4,1,3,1,8HD9/7
784,Leody Taveras#,24,TEX,AL,143,554,511,67,136,31,3,14,67,14,4,35,117,0.266,0.312,0.421,0.733,101,215,3,1,3,4,0,*8/HD
785,Chris Taylor,32,LAD,NL,117,384,338,51,80,15,1,15,56,16,3,41,125,0.237,0.326,0.42,0.746,101,142,2,4,0,1,2,765H/D84
786,Michael A. Taylor,32,MIN,AL,129,388,355,48,78,14,1,21,51,13,1,26,130,0.22,0.278,0.442,0.72,94,157,7,3,3,1,0,*8H/D
787,Samad Taylor,24,KCR,AL,31,69,60,11,12,2,1,0,4,8,0,7,22,0.2,0.279,0.267,0.546,50,16,1,0,1,1,0,74H/58
788,Tyrone Taylor,29,MIL,NL,81,243,231,36,54,17,1,10,35,9,0,8,55,0.234,0.267,0.446,0.713,89,103,10,3,0,1,0,97H/8D
789,Rowdy Tellez*,28,MIL,NL,105,351,311,26,67,9,1,13,47,0,0,35,86,0.215,0.291,0.376,0.667,79,117,11,0,0,5,2,3DH/1
790,José Tena*,22,CLE,AL,18,34,31,2,7,2,0,0,3,0,0,3,13,0.226,0.294,0.29,0.584,64,9,0,0,0,0,0,6/H45D
791,Matt Thaiss*,28,LAA,AL,95,307,262,32,56,6,0,9,31,2,0,36,83,0.214,0.319,0.34,0.659,80,89,4,6,0,3,1,2H/D3
792,Alek Thomas*,23,ARI,NL,125,402,374,51,86,17,5,9,39,9,1,19,86,0.23,0.273,0.374,0.647,76,140,5,4,2,3,1,*8H/D
793,Cody Thomas*,28,OAK,AL,19,46,42,1,10,3,0,1,2,0,0,4,17,0.238,0.304,0.381,0.685,93,16,1,0,0,0,0,9/HD7
794,Lane Thomas,27,WSN,NL,156,682,628,101,168,36,3,28,86,20,5,36,176,0.268,0.315,0.468,0.783,116,294,5,11,0,7,0,*98/HD1
795,Bubba Thompson,25,TEX,AL,37,60,53,10,9,4,1,0,4,4,2,4,16,0.17,0.237,0.283,0.52,44,15,0,1,1,1,0,7H/9D8
796,Trayce Thompson,32,TOT,MLB,72,179,153,17,25,2,0,6,17,2,0,24,77,0.163,0.285,0.294,0.579,59,45,1,2,0,0,0,8H97/D
797,Trayce Thompson,32,LAD,NL,36,87,71,12,11,0,0,5,14,0,0,15,37,0.155,0.31,0.366,0.677,83,26,0,1,0,0,0,8H7/9D
798,Trayce Thompson,32,CHW,AL,36,92,82,5,14,2,0,1,3,2,0,9,40,0.171,0.261,0.232,0.493,38,19,1,1,0,0,0,89/H7
799,Michael Toglia#,24,COL,NL,45,152,141,18,23,5,0,4,9,1,1,10,50,0.163,0.224,0.284,0.507,32,40,3,1,0,0,0,39/HD7
800,Justin Topa,32,SEA,AL,1,0,0,0,0,0,0,0,0,0,0,0,0,,,,,,0,0,0,0,0,0,1
801,Spencer Torkelson,23,DET,AL,159,684,606,88,141,34,1,31,94,3,0,67,171,0.233,0.313,0.446,0.758,105,270,15,6,0,5,1,*3/D
802,Abraham Toro#,26,MIL,NL,9,21,18,4,8,0,0,2,9,0,0,2,5,0.444,0.524,0.778,1.302,247,14,0,1,0,0,0,/5H3D
803,Luis Torrens,27,TOT,MLB,18,30,28,1,7,3,0,0,4,0,0,1,9,0.25,0.3,0.357,0.657,81,10,0,1,0,0,0,/DH27
804,Luis Torrens,27,CHC,NL,13,22,20,1,5,1,0,0,3,0,0,1,8,0.25,0.318,0.3,0.618,70,6,0,1,0,0,0,/DH27
805,Luis Torrens,27,SEA,AL,5,8,8,0,2,2,0,0,1,0,0,0,1,0.25,0.25,0.5,0.75,106,4,0,0,0,0,0,/H2D
806,Gleyber Torres,26,NYY,AL,158,672,596,90,163,28,2,25,68,13,6,67,98,0.273,0.347,0.453,0.8,118,270,19,3,0,6,0,*4D/H
807,Ezequiel Tovar,21,COL,NL,153,615,581,79,147,37,4,15,73,11,5,25,166,0.253,0.287,0.408,0.695,79,237,10,4,2,3,0,*6
808,Taylor Trammell*,25,SEA,AL,22,56,46,7,6,0,0,3,11,0,1,9,22,0.13,0.286,0.326,0.612,74,15,2,1,0,0,0,7/DH8
809,Alan Trejo,27,COL,NL,82,227,207,24,48,11,0,4,26,5,1,16,51,0.232,0.288,0.343,0.631,65,71,3,1,1,2,0,45H/61D
810,Jose Trevino,30,NYY,AL,55,168,157,15,33,4,0,4,15,0,0,8,22,0.21,0.257,0.312,0.57,56,49,6,2,1,0,0,2/H
811,Jared Triolo,25,PIT,NL,54,209,181,30,54,9,0,3,21,6,1,24,63,0.298,0.388,0.398,0.785,116,72,0,3,0,1,0,54/3HD
812,Chadwick Tromp,28,ATL,NL,6,16,16,1,2,1,0,0,1,0,0,0,7,0.125,0.125,0.188,0.313,-17,3,0,0,0,0,0,/2
813,Mike Trout,31,LAA,AL,82,362,308,54,81,14,1,18,44,2,0,45,104,0.263,0.367,0.49,0.858,131,151,4,7,0,2,2,8/DH
814,Cole Tucker#,26,COL,NL,5,10,8,2,4,0,0,0,2,0,0,1,2,0.5,0.6,0.5,1.1,194,4,0,1,0,0,0,/H8D9
815,Kyle Tucker*,26,HOU,AL,157,674,574,97,163,37,5,29,112,30,5,80,92,0.284,0.369,0.517,0.886,142,297,11,3,0,10,9,*9/DH
816,Brice Turang*,23,MIL,NL,137,448,404,46,88,9,3,6,34,26,4,38,94,0.218,0.285,0.3,0.585,60,121,9,1,3,2,1,*46H/D
817,Justin Turner,38,BOS,AL,146,626,558,86,154,31,0,23,96,4,1,51,110,0.276,0.345,0.455,0.8,114,254,10,11,0,6,0,D34/5H
818,Trea Turner,30,PHI,NL,155,691,639,102,170,35,5,26,76,30,0,45,150,0.266,0.32,0.459,0.778,109,293,12,6,0,1,2,*6/D
819,Luis Urías,26,TOT,MLB,52,177,144,18,28,6,0,3,18,0,0,21,41,0.194,0.337,0.299,0.636,75,43,4,10,0,0,0,45/H
820,Luis Urías,26,MIL,NL,20,68,55,5,8,2,0,1,5,0,0,7,15,0.145,0.299,0.236,0.535,48,13,1,5,0,0,0,45/H
821,Luis Urías,26,BOS,AL,32,109,89,13,20,4,0,2,13,0,0,14,26,0.225,0.361,0.337,0.698,91,30,3,5,0,0,0,4/5H
822,Ramón Urías,29,BAL,AL,116,396,360,45,95,22,3,4,42,3,1,27,101,0.264,0.328,0.375,0.703,98,135,10,8,0,1,0,543H/D
823,Gio Urshela,31,LAA,AL,62,228,214,22,64,8,1,2,24,3,2,10,36,0.299,0.329,0.374,0.703,91,80,9,1,0,3,0,53/6H4
824,Enmanuel Valdez*,24,BOS,AL,49,149,139,17,37,8,0,6,19,5,1,8,37,0.266,0.311,0.453,0.764,103,63,4,1,0,0,0,4/HD6
825,Ildemaro Vargas#,31,WSN,NL,86,286,262,32,66,13,2,4,31,1,1,19,20,0.252,0.304,0.363,0.666,86,95,10,1,3,1,0,54H67/19
826,Miguel Vargas,23,LAD,NL,81,304,256,36,50,15,4,7,32,3,2,38,61,0.195,0.305,0.367,0.672,82,94,1,4,1,4,1,4H/3D
827,Daulton Varsho*,26,TOR,AL,158,581,527,65,116,23,3,20,61,16,7,45,135,0.22,0.285,0.389,0.674,84,205,5,4,1,3,0,*78/HD
828,Andrew Vaughn,25,CHW,AL,152,615,566,67,146,30,2,21,80,0,0,36,129,0.258,0.314,0.429,0.743,102,243,15,11,0,2,0,*3/DH
829,Terrin Vavra*,26,BAL,AL,27,56,49,9,12,0,0,0,5,1,0,5,12,0.245,0.315,0.245,0.56,62,12,5,0,2,0,0,9/7HD54
830,Christian Vázquez,32,MIN,AL,102,355,327,34,73,13,0,6,32,1,0,25,82,0.223,0.28,0.318,0.598,65,104,11,1,1,1,1,2/3H4D
831,Andrew Velazquez#,28,LAA,AL,54,94,81,12,14,3,0,2,3,13,3,10,30,0.173,0.264,0.284,0.548,50,23,1,0,3,0,0,6H4/8
832,Nelson Velázquez,24,TOT,MLB,53,179,162,35,38,6,0,17,34,0,0,14,51,0.235,0.302,0.586,0.888,134,95,3,2,0,1,0,9D/7H8
833,Nelson Velázquez,24,CHC,NL,13,32,29,8,7,2,0,3,6,0,0,3,8,0.241,0.313,0.621,0.933,146,18,1,0,0,0,0,/DH987
834,Nelson Velázquez,24,KCR,AL,40,147,133,27,31,4,0,14,28,0,0,11,43,0.233,0.299,0.579,0.878,131,77,2,2,0,1,0,9D/7H
835,Alex Verdugo*,27,BOS,AL,142,602,546,81,144,37,5,13,54,5,3,45,93,0.264,0.324,0.421,0.745,100,230,11,6,0,5,1,*9/H
836,Alex Vesia*,27,LAD,NL,2,0,0,0,0,0,0,0,0,0,0,0,0,,,,,,0,0,0,0,0,0,1
837,Will Vest,28,DET,AL,1,0,0,0,0,0,0,0,0,0,0,0,0,,,,,,0,0,0,0,0,0,1
838,Mark Vientos,23,NYM,NL,65,233,218,19,46,5,1,9,22,1,0,10,71,0.211,0.253,0.367,0.62,69,80,5,3,0,2,0,D53/H
839,Matt Vierling,26,DET,AL,134,530,479,63,125,21,5,10,44,6,6,44,112,0.261,0.329,0.388,0.717,96,186,8,5,1,1,1,*9758H/4
840,David Villar,26,SFG,NL,46,140,124,15,18,6,0,5,12,1,1,11,45,0.145,0.236,0.315,0.55,52,39,1,4,0,1,0,45/3HD1
841,Meibrys Viloria*,26,CLE,AL,10,4,3,0,0,0,0,0,0,0,0,1,0,0,0.25,0,0.25,-21,0,1,0,0,0,0,2
842,Daniel Vogelbach*,30,NYM,NL,104,319,275,33,64,8,0,13,48,0,0,42,81,0.233,0.339,0.404,0.742,105,111,6,2,0,0,1,DH
843,Luke Voit,32,MIL,NL,22,74,68,5,15,3,0,0,4,2,0,4,27,0.221,0.284,0.265,0.548,51,18,3,2,0,0,0,3D/H
844,Anthony Volpe,22,NYY,AL,159,601,541,62,113,23,4,21,60,24,5,52,167,0.209,0.283,0.383,0.666,81,207,10,5,1,2,0,*6/H
845,Jason Vosler*,29,CIN,NL,20,65,62,6,10,2,1,3,10,0,0,3,25,0.161,0.2,0.371,0.571,48,23,0,0,0,0,0,3/51H
846,Joey Votto*,39,CIN,NL,65,242,208,26,42,6,0,14,38,0,0,27,62,0.202,0.314,0.433,0.747,98,90,2,7,0,0,0,3D/H
847,LaMonte Wade Jr.*,29,SFG,NL,135,519,429,64,110,14,2,17,45,2,0,76,95,0.256,0.373,0.417,0.79,120,179,4,6,4,4,3,*3H7/9D8
848,Tyler Wade*,28,OAK,AL,26,55,51,8,13,1,1,0,2,4,0,4,13,0.255,0.309,0.314,0.623,77,16,0,0,0,0,0,6/H759D
849,Adam Wainwright,41,STL,NL,2,2,2,0,0,0,0,0,0,0,0,0,1,0,0,0,0,-100,0,0,0,0,0,0,1/HD
850,Christian Walker,32,ARI,NL,157,661,582,86,150,36,2,33,103,11,0,62,127,0.258,0.333,0.497,0.83,124,289,13,8,0,8,3,*3/DH
851,Jordan Walker,21,STL,NL,117,465,420,51,116,19,2,16,51,7,4,37,104,0.276,0.342,0.445,0.787,112,187,9,6,0,2,0,*97/DH
852,Forrest Wall*,27,ATL,NL,15,15,13,6,6,2,0,1,2,5,1,2,4,0.462,0.533,0.846,1.379,265,11,0,0,0,0,0,/H7D89
853,Chad Wallach,31,LAA,AL,65,172,157,18,31,5,1,7,15,0,1,13,57,0.197,0.259,0.376,0.635,70,59,5,0,2,0,0,2/HD3
854,Matt Wallner*,25,MIN,AL,76,254,213,42,53,11,1,14,41,2,1,28,80,0.249,0.37,0.507,0.877,139,108,1,13,0,0,1,79/DH
855,Taylor Walls#,26,TBR,AL,99,349,303,50,61,12,2,8,36,22,1,44,92,0.201,0.305,0.333,0.638,79,101,1,1,1,0,0,546/H
856,Jared Walsh*,29,LAA,AL,39,116,104,10,13,4,0,4,11,0,0,11,45,0.125,0.216,0.279,0.494,33,29,1,1,0,0,0,3/9HD
857,Taylor Ward,29,LAA,AL,97,409,356,60,90,18,0,14,47,4,2,39,80,0.253,0.335,0.421,0.756,105,150,9,8,0,6,0,7/H3
858,Drew Waters#,24,KCR,AL,98,337,302,40,69,11,5,8,32,16,5,27,107,0.228,0.3,0.377,0.677,83,114,4,5,0,3,0,89/D7H
859,Austin Wells*,23,NYY,AL,19,75,70,8,16,6,0,4,13,0,0,3,14,0.229,0.257,0.486,0.742,97,34,3,0,0,1,0,2/H
860,Joey Wendle*,33,MIA,NL,112,318,297,33,63,16,3,2,20,7,1,13,67,0.212,0.248,0.306,0.554,48,91,8,2,3,3,0,6/H
861,Hayden Wesneski,25,CHC,NL,2,0,0,0,0,0,0,0,0,0,0,0,0,,,,,,0,0,0,0,0,0,1
862,Jordan Westburg,24,BAL,AL,68,228,208,26,54,17,2,3,23,4,1,16,56,0.26,0.311,0.404,0.715,100,84,3,1,0,3,0,45H/D
863,Eli White,29,ATL,NL,6,17,14,1,1,0,0,0,0,0,0,2,7,0.071,0.235,0.071,0.307,-11,1,0,1,0,0,0,/8H
864,Garrett Whitlock,27,BOS,AL,1,0,0,0,0,0,0,0,0,0,0,0,0,,,,,,0,0,0,0,0,0,1
865,Joey Wiemer,24,MIL,NL,132,410,367,48,75,19,0,13,42,11,4,36,116,0.204,0.283,0.362,0.645,74,133,4,5,0,2,0,*89/H7
866,Alika Williams,24,PIT,NL,46,112,101,7,20,5,0,0,6,0,0,9,35,0.198,0.27,0.248,0.518,44,25,2,1,1,0,0,6/H
867,Luke Williams,26,TOT,NL,11,19,19,1,1,0,0,0,0,4,0,0,7,0.053,0.053,0.053,0.105,-71,1,0,0,0,0,0,/H653D71
868,Luke Williams,26,LAD,NL,4,10,10,0,1,0,0,0,0,1,0,0,3,0.1,0.1,0.1,0.2,-45,1,0,0,0,0,0,/61H
869,Luke Williams,26,ATL,NL,7,9,9,1,0,0,0,0,0,3,0,0,4,0,0,0,0,-100,0,0,0,0,0,0,/H53D7
870,Weston Wilson,28,PHI,NL,8,22,16,5,5,0,0,1,2,3,1,6,5,0.313,0.5,0.5,1,175,8,0,0,0,0,0,/7H3459
871,Jesse Winker*,29,MIL,NL,61,197,166,16,33,5,0,1,23,0,0,26,51,0.199,0.32,0.247,0.567,58,41,0,4,0,1,0,DH/97
872,Masyn Winn,21,STL,NL,37,137,122,8,21,2,0,2,12,2,1,10,26,0.172,0.23,0.238,0.467,28,29,1,0,2,3,0,6
873,Patrick Wisdom,31,CHC,NL,97,302,268,43,55,8,1,23,46,4,2,30,111,0.205,0.289,0.5,0.789,109,134,4,2,1,1,0,5H3D/794
874,Brett Wisely*,24,SFG,NL,51,131,120,10,21,5,0,2,8,2,1,9,40,0.175,0.231,0.267,0.497,38,32,2,0,1,1,0,48/H716
875,Bobby Witt Jr.,23,KCR,AL,158,694,641,97,177,28,11,30,96,49,15,40,121,0.276,0.319,0.495,0.813,117,317,11,4,1,8,1,*6D/H
876,Nick Wittgren,32,KCR,AL,1,0,0,0,0,0,0,0,0,0,0,0,0,,,,,,0,0,0,0,0,0,1
877,Connor Wong,27,BOS,AL,126,403,371,55,87,25,2,9,36,8,2,22,134,0.235,0.288,0.385,0.673,80,143,4,6,3,1,0,*2H/4D
878,Kolten Wong*,32,TOT,MLB,87,250,224,25,41,6,0,4,27,3,2,18,53,0.183,0.256,0.263,0.519,48,59,1,5,0,3,0,4H/D
879,Kolten Wong*,32,SEA,AL,67,216,194,21,32,6,0,2,19,1,1,16,46,0.165,0.241,0.227,0.468,35,44,0,4,0,2,0,4/H
880,Kolten Wong*,32,LAD,NL,20,34,30,4,9,0,0,2,8,2,1,2,7,0.3,0.353,0.5,0.853,128,15,1,1,0,1,0,H4/D
881,Austin Wynns,32,TOT,NL,51,145,130,11,27,6,0,1,10,1,0,9,39,0.208,0.268,0.277,0.545,44,36,4,2,3,1,0,2/H
882,Austin Wynns,32,SFG,NL,1,2,2,0,0,0,0,0,0,0,0,0,2,0,0,0,0,-100,0,0,0,0,0,0,/2
883,Austin Wynns,32,LAD,NL,5,12,11,0,2,1,0,0,2,0,0,1,5,0.182,0.25,0.273,0.523,42,3,0,0,0,0,0,/2
884,Austin Wynns,32,COL,NL,45,131,117,11,25,5,0,1,8,1,0,8,32,0.214,0.273,0.282,0.555,46,33,4,2,3,1,0,2/H
885,Ryan Yarbrough,31,TOT,MLB,1,0,0,0,0,0,0,0,0,0,0,0,0,,,,,,0,0,0,0,0,0,1
886,Ryan Yarbrough,31,LAD,NL,1,0,0,0,0,0,0,0,0,0,0,0,0,,,,,,0,0,0,0,0,0,1
887,Mike Yastrzemski*,32,SFG,NL,106,381,330,54,77,23,1,15,43,2,2,45,99,0.233,0.33,0.445,0.775,114,147,5,3,2,1,3,987H/D
888,Christian Yelich*,31,MIL,NL,144,632,550,106,153,34,1,19,76,28,3,78,140,0.278,0.37,0.447,0.818,121,246,15,3,0,1,7,*7D/H
889,Juan Yepez,25,STL,NL,28,65,60,5,11,1,0,2,2,0,1,4,20,0.183,0.246,0.3,0.546,48,18,0,1,0,0,0,DH/79
890,Masataka Yoshida*,29,BOS,AL,140,580,537,71,155,33,3,15,72,8,0,34,81,0.289,0.338,0.445,0.783,109,239,20,7,0,2,0,7D/H
891,Alex Young*,29,CIN,NL,2,0,0,0,0,0,0,0,0,0,0,0,0,,,,,,0,0,0,0,0,0,1
892,Jacob Young,23,WSN,NL,33,121,107,9,27,7,1,0,12,13,0,10,22,0.252,0.322,0.336,0.658,85,36,2,1,3,0,0,8/DH
893,Jared Young*,27,CHC,NL,16,47,43,8,8,0,3,2,8,2,0,3,13,0.186,0.255,0.465,0.72,91,20,1,1,0,0,0,3/DH
894,Seby Zavala,29,TOT,MLB,73,193,175,17,30,4,0,7,18,1,0,12,70,0.171,0.23,0.314,0.545,48,55,4,2,2,2,0,2/H1
895,Seby Zavala,29,CHW,AL,66,176,161,15,25,3,0,7,16,1,0,10,68,0.155,0.207,0.304,0.511,39,49,4,1,2,2,0,2/H
896,Seby Zavala,29,ARI,NL,7,17,14,2,5,1,0,0,2,0,0,2,2,0.357,0.471,0.429,0.899,151,6,0,1,0,0,0,/21H
897,Mike Zunino,32,CLE,AL,42,140,124,11,22,7,0,3,11,0,0,15,61,0.177,0.271,0.306,0.578,61,38,3,1,0,0,0,2
